-- phpMyAdmin SQL Dump
-- version 5.2.1
-- https://www.phpmyadmin.net/
--
-- Host: localhost:8889
-- Generation Time: Sep 01, 2025 at 01:52 PM
-- Server version: 8.0.40
-- PHP Version: 8.3.14

SET SQL_MODE = "NO_AUTO_VALUE_ON_ZERO";
START TRANSACTION;
SET time_zone = "+00:00";


/*!40101 SET @OLD_CHARACTER_SET_CLIENT=@@CHARACTER_SET_CLIENT */;
/*!40101 SET @OLD_CHARACTER_SET_RESULTS=@@CHARACTER_SET_RESULTS */;
/*!40101 SET @OLD_COLLATION_CONNECTION=@@COLLATION_CONNECTION */;
/*!40101 SET NAMES utf8mb4 */;

--
-- Database: `tt_ip_manager`
--

-- --------------------------------------------------------

--
-- Table structure for table `admins`
--

CREATE TABLE `admins` (
  `id` int NOT NULL,
  `login` varchar(255) NOT NULL,
  `password` varchar(255) NOT NULL COMMENT 'Le mot de passe doit être hashé',
  `prenom` varchar(255) NOT NULL,
  `nom` varchar(255) NOT NULL,
  `email` varchar(255) NOT NULL,
  `avatar_url` varchar(255) DEFAULT NULL,
  `reset_token` varchar(255) DEFAULT NULL,
  `reset_token_expires` datetime DEFAULT NULL
) ENGINE=InnoDB DEFAULT CHARSET=utf8mb4 COLLATE=utf8mb4_general_ci;

--
-- Dumping data for table `admins`
--

INSERT INTO `admins` (`id`, `login`, `password`, `prenom`, `nom`, `email`, `avatar_url`, `reset_token`, `reset_token_expires`) VALUES
(3, 'admin', '$2b$10$YyB/HsMyOCz8gZZZ3ePuYOxv7wBfT5fcaZH.1/bf94ZCH/pL69.BO', 'Admin', 'Test', 'a37135920@gmail.com', '/uploads/avatar-1756734292781.png', 'ff3b0957f6a024a673276a6673b7f809d55bb410', '2025-09-01 01:46:42'),
(11, 'amel', '$2b$10$pPuYumAqg.fE0kv4rGo1AeanclmILIrIfYLl4MdZ/ZZKn8EOi8MOi', 'Amel', 'Ben', 'amelbenm2025@gmail.com', '/uploads/avatar-1756734561750.png', NULL, NULL);

-- --------------------------------------------------------

--
-- Table structure for table `anomalies`
--

CREATE TABLE `anomalies` (
  `id` int NOT NULL,
  `anomaly_type` varchar(50) NOT NULL,
  `details` json NOT NULL,
  `status` enum('NEW','ACKNOWLEDGED') NOT NULL DEFAULT 'NEW',
  `timestamp` timestamp NULL DEFAULT CURRENT_TIMESTAMP
) ENGINE=InnoDB DEFAULT CHARSET=utf8mb4 COLLATE=utf8mb4_general_ci;

-- --------------------------------------------------------

--
-- Table structure for table `ip_addresses`
--

CREATE TABLE `ip_addresses` (
  `id` int NOT NULL,
  `site_id` int NOT NULL,
  `ip_address` varchar(50) NOT NULL,
  `ip_category` varchar(50) NOT NULL COMMENT 'Ex: SUBNET_3G_OSS'
) ENGINE=InnoDB DEFAULT CHARSET=utf8mb4 COLLATE=utf8mb4_general_ci;

--
-- Dumping data for table `ip_addresses`
--

INSERT INTO `ip_addresses` (`id`, `site_id`, `ip_address`, `ip_category`) VALUES
(1, 1, '172.17.94.72', 'SUBNET_3G_OSS'),
(2, 1, '172.17.94.72', 'SUBNET_3G_SERVICE'),
(3, 1, '172.18.94.72', 'SUBNET_4G_UP'),
(4, 1, '172.19.94.72', 'SUBNET_4G_CP'),
(5, 1, '172.23.24.176', 'SUBNET_2G_SERVICE'),
(6, 2, '172.17.94.73', 'SUBNET_3G_OSS'),
(7, 2, '172.17.94.73', 'SUBNET_3G_SERVICE'),
(8, 2, '172.18.94.73', 'SUBNET_4G_UP'),
(9, 2, '172.19.94.73', 'SUBNET_4G_CP'),
(10, 2, '172.23.24.177', 'SUBNET_2G_SERVICE'),
(11, 3, '172.17.94.78', 'SUBNET_3G_OSS'),
(12, 3, '172.17.94.78', 'SUBNET_3G_SERVICE'),
(13, 3, '172.18.94.78', 'SUBNET_4G_UP'),
(14, 3, '172.19.94.78', 'SUBNET_4G_CP'),
(15, 3, '172.23.24.182', 'SUBNET_2G_SERVICE'),
(16, 4, '172.17.94.79', 'SUBNET_3G_OSS'),
(17, 4, '172.17.94.79', 'SUBNET_3G_SERVICE'),
(18, 4, '172.18.94.79', 'SUBNET_4G_UP'),
(19, 4, '172.19.94.79', 'SUBNET_4G_CP'),
(20, 4, '172.23.24.183', 'SUBNET_2G_SERVICE'),
(21, 5, '172.17.94.77', 'SUBNET_3G_OSS'),
(22, 5, '172.17.94.77', 'SUBNET_3G_SERVICE'),
(23, 5, '172.18.94.77', 'SUBNET_4G_UP'),
(24, 5, '172.19.94.77', 'SUBNET_4G_CP'),
(25, 5, '172.23.24.181', 'SUBNET_2G_SERVICE'),
(26, 6, '172.17.94.76', 'SUBNET_3G_OSS'),
(27, 6, '172.17.94.76', 'SUBNET_3G_SERVICE'),
(28, 6, '172.18.94.76', 'SUBNET_4G_UP'),
(29, 6, '172.19.94.76', 'SUBNET_4G_CP'),
(30, 6, '172.23.24.180', 'SUBNET_2G_SERVICE'),
(31, 7, '172.17.94.75', 'SUBNET_3G_OSS'),
(32, 7, '172.17.94.75', 'SUBNET_3G_SERVICE'),
(33, 7, '172.18.94.75', 'SUBNET_4G_UP'),
(34, 7, '172.19.94.75', 'SUBNET_4G_CP'),
(35, 7, '172.23.24.179', 'SUBNET_2G_SERVICE'),
(36, 8, '172.17.94.74', 'SUBNET_3G_OSS'),
(37, 8, '172.17.94.74', 'SUBNET_3G_SERVICE'),
(38, 8, '172.18.94.74', 'SUBNET_4G_UP'),
(39, 8, '172.19.94.74', 'SUBNET_4G_CP'),
(40, 8, '172.23.24.178', 'SUBNET_2G_SERVICE'),
(41, 9, '172.20.94.83', 'SUBNET_3G_OSS'),
(42, 9, '172.17.94.83', 'SUBNET_3G_SERVICE'),
(43, 9, '172.21.94.83', 'SUBNET_4G_UP'),
(44, 9, '172.22.94.83', 'SUBNET_4G_CP'),
(45, 9, '172.30.24.187', 'SUBNET_2G_SERVICE'),
(46, 10, '172.20.94.110', 'SUBNET_3G_OSS'),
(47, 10, '172.17.94.110', 'SUBNET_3G_SERVICE'),
(48, 10, '172.21.94.110', 'SUBNET_4G_UP'),
(49, 10, '172.22.94.110', 'SUBNET_4G_CP'),
(50, 10, '172.30.24.214', 'SUBNET_2G_SERVICE'),
(51, 11, '172.20.94.98', 'SUBNET_3G_OSS'),
(52, 11, '172.17.94.98', 'SUBNET_3G_SERVICE'),
(53, 11, '172.21.94.98', 'SUBNET_4G_UP'),
(54, 11, '172.22.94.98', 'SUBNET_4G_CP'),
(55, 11, '172.30.24.202', 'SUBNET_2G_SERVICE'),
(56, 12, '172.17.94.85', 'SUBNET_3G_OSS'),
(57, 12, '172.17.94.85', 'SUBNET_3G_SERVICE'),
(58, 12, '172.18.94.85', 'SUBNET_4G_UP'),
(59, 12, '172.19.94.85', 'SUBNET_4G_CP'),
(60, 12, '172.23.24.189', 'SUBNET_2G_SERVICE'),
(61, 13, '172.17.94.83', 'SUBNET_3G_OSS'),
(62, 13, '172.17.94.83', 'SUBNET_3G_SERVICE'),
(63, 13, '172.18.94.83', 'SUBNET_4G_UP'),
(64, 13, '172.19.94.83', 'SUBNET_4G_CP'),
(65, 13, '172.23.24.187', 'SUBNET_2G_SERVICE'),
(66, 14, '172.20.94.113', 'SUBNET_3G_OSS'),
(67, 14, '172.17.94.113', 'SUBNET_3G_SERVICE'),
(68, 14, '172.21.94.113', 'SUBNET_4G_UP'),
(69, 14, '172.22.94.113', 'SUBNET_4G_CP'),
(70, 14, '172.30.24.217', 'SUBNET_2G_SERVICE'),
(71, 15, '172.20.94.114', 'SUBNET_3G_OSS'),
(72, 15, '172.17.94.114', 'SUBNET_3G_SERVICE'),
(73, 15, '172.21.94.114', 'SUBNET_4G_UP'),
(74, 15, '172.22.94.114', 'SUBNET_4G_CP'),
(75, 15, '172.30.24.218', 'SUBNET_2G_SERVICE'),
(76, 16, '172.20.94.104', 'SUBNET_3G_OSS'),
(77, 16, '172.17.94.104', 'SUBNET_3G_SERVICE'),
(78, 16, '172.21.94.104', 'SUBNET_4G_UP'),
(79, 16, '172.22.94.104', 'SUBNET_4G_CP'),
(80, 16, '172.30.24.208', 'SUBNET_2G_SERVICE'),
(81, 17, '172.20.94.107', 'SUBNET_3G_OSS'),
(82, 17, '172.17.94.107', 'SUBNET_3G_SERVICE'),
(83, 17, '172.21.94.107', 'SUBNET_4G_UP'),
(84, 17, '172.22.94.107', 'SUBNET_4G_CP'),
(85, 17, '172.30.24.211', 'SUBNET_2G_SERVICE'),
(86, 18, '172.17.94.80', 'SUBNET_3G_OSS'),
(87, 18, '172.17.94.80', 'SUBNET_3G_SERVICE'),
(88, 18, '172.18.94.80', 'SUBNET_4G_UP'),
(89, 18, '172.19.94.80', 'SUBNET_4G_CP'),
(90, 18, '172.23.24.184', 'SUBNET_2G_SERVICE'),
(91, 19, '172.20.94.93', 'SUBNET_3G_OSS'),
(92, 19, '172.17.94.93', 'SUBNET_3G_SERVICE'),
(93, 19, '172.21.94.93', 'SUBNET_4G_UP'),
(94, 19, '172.22.94.93', 'SUBNET_4G_CP'),
(95, 19, '172.30.24.197', 'SUBNET_2G_SERVICE'),
(96, 20, '172.17.94.82', 'SUBNET_3G_OSS'),
(97, 20, '172.17.94.82', 'SUBNET_3G_SERVICE'),
(98, 20, '172.18.94.82', 'SUBNET_4G_UP'),
(99, 20, '172.19.94.82', 'SUBNET_4G_CP'),
(100, 20, '172.23.24.186', 'SUBNET_2G_SERVICE'),
(101, 21, '172.20.94.116', 'SUBNET_3G_OSS'),
(102, 21, '172.17.94.116', 'SUBNET_3G_SERVICE'),
(103, 21, '172.21.94.116', 'SUBNET_4G_UP'),
(104, 21, '172.22.94.116', 'SUBNET_4G_CP'),
(105, 21, '172.30.24.220', 'SUBNET_2G_SERVICE'),
(106, 22, '172.20.94.78', 'SUBNET_3G_OSS'),
(107, 22, '172.17.94.78', 'SUBNET_3G_SERVICE'),
(108, 22, '172.21.94.78', 'SUBNET_4G_UP'),
(109, 22, '172.22.94.78', 'SUBNET_4G_CP'),
(110, 22, '172.30.24.182', 'SUBNET_2G_SERVICE'),
(111, 23, '172.20.94.75', 'SUBNET_3G_OSS'),
(112, 23, '172.17.94.75', 'SUBNET_3G_SERVICE'),
(113, 23, '172.21.94.75', 'SUBNET_4G_UP'),
(114, 23, '172.22.94.75', 'SUBNET_4G_CP'),
(115, 23, '172.30.24.179', 'SUBNET_2G_SERVICE'),
(116, 24, '172.20.94.117', 'SUBNET_3G_OSS'),
(117, 24, '172.17.94.117', 'SUBNET_3G_SERVICE'),
(118, 24, '172.21.94.117', 'SUBNET_4G_UP'),
(119, 24, '172.22.94.117', 'SUBNET_4G_CP'),
(120, 24, '172.30.24.221', 'SUBNET_2G_SERVICE'),
(121, 25, '172.20.94.105', 'SUBNET_3G_OSS'),
(122, 25, '172.17.94.105', 'SUBNET_3G_SERVICE'),
(123, 25, '172.21.94.105', 'SUBNET_4G_UP'),
(124, 25, '172.22.94.105', 'SUBNET_4G_CP'),
(125, 25, '172.30.24.209', 'SUBNET_2G_SERVICE'),
(126, 26, '172.20.94.108', 'SUBNET_3G_OSS'),
(127, 26, '172.17.94.108', 'SUBNET_3G_SERVICE'),
(128, 26, '172.21.94.108', 'SUBNET_4G_UP'),
(129, 26, '172.22.94.108', 'SUBNET_4G_CP'),
(130, 26, '172.30.24.212', 'SUBNET_2G_SERVICE'),
(131, 27, '172.20.94.87', 'SUBNET_3G_OSS'),
(132, 27, '172.17.94.87', 'SUBNET_3G_SERVICE'),
(133, 27, '172.21.94.87', 'SUBNET_4G_UP'),
(134, 27, '172.22.94.87', 'SUBNET_4G_CP'),
(135, 27, '172.30.24.191', 'SUBNET_2G_SERVICE'),
(136, 28, '172.20.94.95', 'SUBNET_3G_OSS'),
(137, 28, '172.17.94.95', 'SUBNET_3G_SERVICE'),
(138, 28, '172.21.94.95', 'SUBNET_4G_UP'),
(139, 28, '172.22.94.95', 'SUBNET_4G_CP'),
(140, 28, '172.30.24.199', 'SUBNET_2G_SERVICE'),
(141, 29, '172.20.94.80', 'SUBNET_3G_OSS'),
(142, 29, '172.17.94.80', 'SUBNET_3G_SERVICE'),
(143, 29, '172.21.94.80', 'SUBNET_4G_UP'),
(144, 29, '172.22.94.80', 'SUBNET_4G_CP'),
(145, 29, '172.30.24.184', 'SUBNET_2G_SERVICE'),
(146, 30, '172.20.94.76', 'SUBNET_3G_OSS'),
(147, 30, '172.17.94.76', 'SUBNET_3G_SERVICE'),
(148, 30, '172.21.94.76', 'SUBNET_4G_UP'),
(149, 30, '172.22.94.76', 'SUBNET_4G_CP'),
(150, 30, '172.30.24.180', 'SUBNET_2G_SERVICE'),
(151, 31, '172.20.94.89', 'SUBNET_3G_OSS'),
(152, 31, '172.17.94.89', 'SUBNET_3G_SERVICE'),
(153, 31, '172.21.94.89', 'SUBNET_4G_UP'),
(154, 31, '172.22.94.89', 'SUBNET_4G_CP'),
(155, 31, '172.30.24.193', 'SUBNET_2G_SERVICE'),
(156, 32, '172.20.94.111', 'SUBNET_3G_OSS'),
(157, 32, '172.17.94.111', 'SUBNET_3G_SERVICE'),
(158, 32, '172.21.94.111', 'SUBNET_4G_UP'),
(159, 32, '172.22.94.111', 'SUBNET_4G_CP'),
(160, 32, '172.30.24.215', 'SUBNET_2G_SERVICE'),
(161, 33, '172.20.94.85', 'SUBNET_3G_OSS'),
(162, 33, '172.17.94.85', 'SUBNET_3G_SERVICE'),
(163, 33, '172.21.94.85', 'SUBNET_4G_UP'),
(164, 33, '172.22.94.85', 'SUBNET_4G_CP'),
(165, 33, '172.30.24.189', 'SUBNET_2G_SERVICE'),
(166, 34, '172.20.94.102', 'SUBNET_3G_OSS'),
(167, 34, '172.17.94.102', 'SUBNET_3G_SERVICE'),
(168, 34, '172.21.94.102', 'SUBNET_4G_UP'),
(169, 34, '172.22.94.102', 'SUBNET_4G_CP'),
(170, 34, '172.30.24.206', 'SUBNET_2G_SERVICE'),
(171, 35, '172.20.94.109', 'SUBNET_3G_OSS'),
(172, 35, '172.17.94.109', 'SUBNET_3G_SERVICE'),
(173, 35, '172.21.94.109', 'SUBNET_4G_UP'),
(174, 35, '172.22.94.109', 'SUBNET_4G_CP'),
(175, 35, '172.30.24.213', 'SUBNET_2G_SERVICE'),
(176, 36, '172.20.94.97', 'SUBNET_3G_OSS'),
(177, 36, '172.17.94.97', 'SUBNET_3G_SERVICE'),
(178, 36, '172.21.94.97', 'SUBNET_4G_UP'),
(179, 36, '172.22.94.97', 'SUBNET_4G_CP'),
(180, 36, '172.30.24.201', 'SUBNET_2G_SERVICE'),
(181, 37, '172.20.94.77', 'SUBNET_3G_OSS'),
(182, 37, '172.17.94.77', 'SUBNET_3G_SERVICE'),
(183, 37, '172.21.94.77', 'SUBNET_4G_UP'),
(184, 37, '172.22.94.77', 'SUBNET_4G_CP'),
(185, 37, '172.30.24.181', 'SUBNET_2G_SERVICE'),
(186, 38, '172.20.94.72', 'SUBNET_3G_OSS'),
(187, 38, '172.17.94.72', 'SUBNET_3G_SERVICE'),
(188, 38, '172.2194.72', 'SUBNET_4G_UP'),
(189, 38, '172.22.94.72', 'SUBNET_4G_CP'),
(190, 38, '172.30.24.176', 'SUBNET_2G_SERVICE'),
(191, 39, '172.20.94.99', 'SUBNET_3G_OSS'),
(192, 39, '172.17.94.99', 'SUBNET_3G_SERVICE'),
(193, 39, '172.21.94.99', 'SUBNET_4G_UP'),
(194, 39, '172.22.94.99', 'SUBNET_4G_CP'),
(195, 39, '172.30.24.203', 'SUBNET_2G_SERVICE'),
(196, 40, '172.17.94.84', 'SUBNET_3G_OSS'),
(197, 40, '172.17.94.84', 'SUBNET_3G_SERVICE'),
(198, 40, '172.18.94.84', 'SUBNET_4G_UP'),
(199, 40, '172.19.94.84', 'SUBNET_4G_CP'),
(200, 40, '172.23.24.188', 'SUBNET_2G_SERVICE'),
(201, 41, '172.17.94.81', 'SUBNET_3G_OSS'),
(202, 41, '172.17.94.81', 'SUBNET_3G_SERVICE'),
(203, 41, '172.18.94.81', 'SUBNET_4G_UP'),
(204, 41, '172.19.94.81', 'SUBNET_4G_CP'),
(205, 41, '172.23.24.185', 'SUBNET_2G_SERVICE'),
(206, 42, '172.20.94.88', 'SUBNET_3G_OSS'),
(207, 42, '172.17.94.88', 'SUBNET_3G_SERVICE'),
(208, 42, '172.21.94.88', 'SUBNET_4G_UP'),
(209, 42, '172.22.94.88', 'SUBNET_4G_CP'),
(210, 42, '172.30.24.192', 'SUBNET_2G_SERVICE'),
(211, 43, '172.20.94.103', 'SUBNET_3G_OSS'),
(212, 43, '172.17.94.103', 'SUBNET_3G_SERVICE'),
(213, 43, '172.21.94.103', 'SUBNET_4G_UP'),
(214, 43, '172.22.94.103', 'SUBNET_4G_CP'),
(215, 43, '172.30.24.207', 'SUBNET_2G_SERVICE'),
(216, 44, '172.20.94.79', 'SUBNET_3G_OSS'),
(217, 44, '172.17.94.79', 'SUBNET_3G_SERVICE'),
(218, 44, '172.21.94.79', 'SUBNET_4G_UP'),
(219, 44, '172.22.94.79', 'SUBNET_4G_CP'),
(220, 44, '172.30.24.183', 'SUBNET_2G_SERVICE'),
(221, 45, '172.20.94.119', 'SUBNET_3G_OSS'),
(222, 45, '172.17.94.119', 'SUBNET_3G_SERVICE'),
(223, 45, '172.21.94.119', 'SUBNET_4G_UP'),
(224, 45, '172.22.94.119', 'SUBNET_4G_CP'),
(225, 45, '172.30.24.223', 'SUBNET_2G_SERVICE'),
(226, 46, '172.20.94.91', 'SUBNET_3G_OSS'),
(227, 46, '172.17.94.91', 'SUBNET_3G_SERVICE'),
(228, 46, '172.21.94.91', 'SUBNET_4G_UP'),
(229, 46, '172.22.94.91', 'SUBNET_4G_CP'),
(230, 46, '172.30.24.195', 'SUBNET_2G_SERVICE'),
(231, 47, '172.20.94.120', 'SUBNET_3G_OSS'),
(232, 47, '172.17.94.120', 'SUBNET_3G_SERVICE'),
(233, 47, '172.21.94.120', 'SUBNET_4G_UP'),
(234, 47, '172.22.94.120', 'SUBNET_4G_CP'),
(235, 47, '172.30.24.224', 'SUBNET_2G_SERVICE'),
(236, 48, '172.20.94.115', 'SUBNET_3G_OSS'),
(237, 48, '172.17.94.115', 'SUBNET_3G_SERVICE'),
(238, 48, '172.21.94.115', 'SUBNET_4G_UP'),
(239, 48, '172.22.94.115', 'SUBNET_4G_CP'),
(240, 48, '172.30.24.219', 'SUBNET_2G_SERVICE'),
(241, 49, '172.20.94.92', 'SUBNET_3G_OSS'),
(242, 49, '172.17.94.902', 'SUBNET_3G_SERVICE'),
(243, 49, '172.21.94.92', 'SUBNET_4G_UP'),
(244, 49, '172.22.94.92', 'SUBNET_4G_CP'),
(245, 49, '172.30.24.196', 'SUBNET_2G_SERVICE'),
(246, 50, '172.20.94.86', 'SUBNET_3G_OSS'),
(247, 50, '172.17.94.86', 'SUBNET_3G_SERVICE'),
(248, 50, '172.21.94.86', 'SUBNET_4G_UP'),
(249, 50, '172.22.94.86', 'SUBNET_4G_CP'),
(250, 50, '172.30.24.190', 'SUBNET_2G_SERVICE'),
(251, 51, '172.20.94.100', 'SUBNET_3G_OSS'),
(252, 51, '172.17.94.100', 'SUBNET_3G_SERVICE'),
(253, 51, '172.21.94.100', 'SUBNET_4G_UP'),
(254, 51, '172.22.94.100', 'SUBNET_4G_CP'),
(255, 51, '172.30.24.205', 'SUBNET_2G_SERVICE'),
(256, 52, '172.20.94.73', 'SUBNET_3G_OSS'),
(257, 52, '172.17.94.73', 'SUBNET_3G_SERVICE'),
(258, 52, '172.21.94.73', 'SUBNET_4G_UP'),
(259, 52, '172.22.94.73', 'SUBNET_4G_CP'),
(260, 52, '172.30.24.177', 'SUBNET_2G_SERVICE'),
(261, 53, '172.20.94.118', 'SUBNET_3G_OSS'),
(262, 53, '172.17.94.118', 'SUBNET_3G_SERVICE'),
(263, 53, '172.21.94.118', 'SUBNET_4G_UP'),
(264, 53, '172.22.94.118', 'SUBNET_4G_CP'),
(265, 53, '172.30.24.222', 'SUBNET_2G_SERVICE'),
(266, 54, '172.20.94.82', 'SUBNET_3G_OSS'),
(267, 54, '172.17.94.82', 'SUBNET_3G_SERVICE'),
(268, 54, '172.21.94.82', 'SUBNET_4G_UP'),
(269, 54, '172.22.94.82', 'SUBNET_4G_CP'),
(270, 54, '172.30.24.186', 'SUBNET_2G_SERVICE'),
(271, 55, '172.20.94.106', 'SUBNET_3G_OSS'),
(272, 55, '172.17.94.106', 'SUBNET_3G_SERVICE'),
(273, 55, '172.21.94.106', 'SUBNET_4G_UP'),
(274, 55, '172.22.94.106', 'SUBNET_4G_CP'),
(275, 55, '172.30.24.210', 'SUBNET_2G_SERVICE'),
(276, 56, '172.20.94.122', 'SUBNET_3G_OSS'),
(277, 56, '172.17.94.122', 'SUBNET_3G_SERVICE'),
(278, 56, '172.21.94.122', 'SUBNET_4G_UP'),
(279, 56, '172.22.94.122', 'SUBNET_4G_CP'),
(280, 56, '172.30.24.226', 'SUBNET_2G_SERVICE'),
(281, 57, '172.20.94.94', 'SUBNET_3G_OSS'),
(282, 57, '172.17.94.94', 'SUBNET_3G_SERVICE'),
(283, 57, '172.21.94.94', 'SUBNET_4G_UP'),
(284, 57, '172.22.94.94', 'SUBNET_4G_CP'),
(285, 57, '172.30.24.198', 'SUBNET_2G_SERVICE'),
(286, 58, '172.20.94.84', 'SUBNET_3G_OSS'),
(287, 58, '172.17.94.84', 'SUBNET_3G_SERVICE'),
(288, 58, '172.21.94.84', 'SUBNET_4G_UP'),
(289, 58, '172.22.94.84', 'SUBNET_4G_CP'),
(290, 58, '172.30.24.188', 'SUBNET_2G_SERVICE'),
(291, 59, '172.20.94.121', 'SUBNET_3G_OSS'),
(292, 59, '172.17.94.121', 'SUBNET_3G_SERVICE'),
(293, 59, '172.21.94.121', 'SUBNET_4G_UP'),
(294, 59, '172.22.94.121', 'SUBNET_4G_CP'),
(295, 59, '172.30.24.225', 'SUBNET_2G_SERVICE'),
(296, 60, '172.20.94.74', 'SUBNET_3G_OSS'),
(297, 60, '172.17.94.74', 'SUBNET_3G_SERVICE'),
(298, 60, '172.21.94.74', 'SUBNET_4G_UP'),
(299, 60, '172.22.94.74', 'SUBNET_4G_CP'),
(300, 60, '172.30.24.178', 'SUBNET_2G_SERVICE'),
(301, 61, '172.20.94.112', 'SUBNET_3G_OSS'),
(302, 61, '172.17.94.112', 'SUBNET_3G_SERVICE'),
(303, 61, '172.21.94.112', 'SUBNET_4G_UP'),
(304, 61, '172.22.94.112', 'SUBNET_4G_CP'),
(305, 61, '172.30.24.216', 'SUBNET_2G_SERVICE'),
(306, 62, '172.20.94.90', 'SUBNET_3G_OSS'),
(307, 62, '172.17.94.90', 'SUBNET_3G_SERVICE'),
(308, 62, '172.21.94.90', 'SUBNET_4G_UP'),
(309, 62, '172.22.94.90', 'SUBNET_4G_CP'),
(310, 62, '172.30.24.194', 'SUBNET_2G_SERVICE'),
(311, 63, '172.20.94.96', 'SUBNET_3G_OSS'),
(312, 63, '172.17.94.96', 'SUBNET_3G_SERVICE'),
(313, 63, '172.21.94.96', 'SUBNET_4G_UP'),
(314, 63, '172.22.94.96', 'SUBNET_4G_CP'),
(315, 63, '172.30.24.200', 'SUBNET_2G_SERVICE'),
(316, 64, '172.20.94.81', 'SUBNET_3G_OSS'),
(317, 64, '172.17.94.81', 'SUBNET_3G_SERVICE'),
(318, 64, '172.21.94.81', 'SUBNET_4G_UP'),
(319, 64, '172.22.94.81', 'SUBNET_4G_CP'),
(320, 64, '172.30.24.185', 'SUBNET_2G_SERVICE'),
(321, 65, '172.17.94.73', 'SUBNET_3G_OSS'),
(322, 65, '172.17.94.73', 'SUBNET_3G_SERVICE'),
(323, 65, '172.18.94.73', 'SUBNET_4G_UP'),
(324, 65, '172.19.94.73', 'SUBNET_4G_CP'),
(325, 65, '172.23.24.177', 'SUBNET_2G_SERVICE'),
(326, 66, '172.17.94.74', 'SUBNET_3G_OSS'),
(327, 66, '172.17.94.74', 'SUBNET_3G_SERVICE'),
(328, 66, '172.18.94.74', 'SUBNET_4G_UP'),
(329, 66, '172.19.94.74', 'SUBNET_4G_CP'),
(330, 66, '172.23.24.178', 'SUBNET_2G_SERVICE'),
(331, 67, '172.17.94.72', 'SUBNET_3G_OSS'),
(332, 67, '172.17.94.72', 'SUBNET_3G_SERVICE'),
(333, 67, '172.18.94.72', 'SUBNET_4G_UP'),
(334, 67, '172.19.94.72', 'SUBNET_4G_CP'),
(335, 67, '172.23.24.176', 'SUBNET_2G_SERVICE'),
(336, 68, '172.17.94.75', 'SUBNET_3G_OSS'),
(337, 68, '172.17.94.75', 'SUBNET_3G_SERVICE'),
(338, 68, '172.18.94.75', 'SUBNET_4G_UP'),
(339, 68, '172.19.94.75', 'SUBNET_4G_CP'),
(340, 68, '172.23.24.179', 'SUBNET_2G_SERVICE'),
(341, 69, '172.17.94.109', 'SUBNET_3G_OSS'),
(342, 69, '172.17.94.109', 'SUBNET_3G_SERVICE'),
(343, 69, '172.18.94.109', 'SUBNET_4G_UP'),
(344, 69, '172.19.94.109', 'SUBNET_4G_CP'),
(345, 69, '172.23.24.213', 'SUBNET_2G_SERVICE'),
(346, 70, '172.17.94.82', 'SUBNET_3G_OSS'),
(347, 70, '172.17.94.82', 'SUBNET_3G_SERVICE'),
(348, 70, '172.18.94.82', 'SUBNET_4G_UP'),
(349, 70, '172.19.94.82', 'SUBNET_4G_CP'),
(350, 70, '172.23.24.186', 'SUBNET_2G_SERVICE'),
(351, 71, '172.17.94.81', 'SUBNET_3G_OSS'),
(352, 71, '172.17.94.81', 'SUBNET_3G_SERVICE'),
(353, 71, '172.18.94.81', 'SUBNET_4G_UP'),
(354, 71, '172.19.94.81', 'SUBNET_4G_CP'),
(355, 71, '172.23.24.185', 'SUBNET_2G_SERVICE'),
(356, 72, '172.17.94.83', 'SUBNET_3G_OSS'),
(357, 72, '172.17.94.83', 'SUBNET_3G_SERVICE'),
(358, 72, '172.18.94.83', 'SUBNET_4G_UP'),
(359, 72, '172.19.94.83', 'SUBNET_4G_CP'),
(360, 72, '172.23.24.187', 'SUBNET_2G_SERVICE'),
(361, 73, '172.17.94.89', 'SUBNET_3G_OSS'),
(362, 73, '172.17.94.89', 'SUBNET_3G_SERVICE'),
(363, 73, '172.18.94.89', 'SUBNET_4G_UP'),
(364, 73, '172.19.94.89', 'SUBNET_4G_CP'),
(365, 73, '172.23.24.193', 'SUBNET_2G_SERVICE'),
(366, 74, '172.17.94.95', 'SUBNET_3G_OSS'),
(367, 74, '172.17.94.95', 'SUBNET_3G_SERVICE'),
(368, 74, '172.18.94.95', 'SUBNET_4G_UP'),
(369, 74, '172.19.94.95', 'SUBNET_4G_CP'),
(370, 74, '172.23.24.199', 'SUBNET_2G_SERVICE'),
(371, 75, '172.17.94.98', 'SUBNET_3G_OSS'),
(372, 75, '172.17.94.98', 'SUBNET_3G_SERVICE'),
(373, 75, '172.18.94.98', 'SUBNET_4G_UP'),
(374, 75, '172.19.94.98', 'SUBNET_4G_CP'),
(375, 75, '172.23.24.202', 'SUBNET_2G_SERVICE'),
(376, 76, '172.17.94.76', 'SUBNET_3G_OSS'),
(377, 76, '172.17.94.76', 'SUBNET_3G_SERVICE'),
(378, 76, '172.18.94.76', 'SUBNET_4G_UP'),
(379, 76, '172.19.94.76', 'SUBNET_4G_CP'),
(380, 76, '172.23.24.180', 'SUBNET_2G_SERVICE'),
(381, 77, '172.17.94.79', 'SUBNET_3G_OSS'),
(382, 77, '172.17.94.79', 'SUBNET_3G_SERVICE'),
(383, 77, '172.18.94.79', 'SUBNET_4G_UP'),
(384, 77, '172.19.94.79', 'SUBNET_4G_CP'),
(385, 77, '172.23.24.183', 'SUBNET_2G_SERVICE'),
(386, 78, '172.17.94.114', 'SUBNET_3G_OSS'),
(387, 78, '172.17.94.114', 'SUBNET_3G_SERVICE'),
(388, 78, '172.18.94.114', 'SUBNET_4G_UP'),
(389, 78, '172.19.94.114', 'SUBNET_4G_CP'),
(390, 78, '172.23.24.218', 'SUBNET_2G_SERVICE'),
(391, 79, '172.17.94.72', 'SUBNET_3G_OSS'),
(392, 79, '172.17.94.72', 'SUBNET_3G_SERVICE'),
(393, 79, '172.18.94.72', 'SUBNET_4G_UP'),
(394, 79, '172.19.94.72', 'SUBNET_4G_CP'),
(395, 79, '172.23.24.176', 'SUBNET_2G_SERVICE'),
(396, 80, '172.17.94.117', 'SUBNET_3G_OSS'),
(397, 80, '172.17.94.117', 'SUBNET_3G_SERVICE'),
(398, 80, '172.18.94.117', 'SUBNET_4G_UP'),
(399, 80, '172.19.94.117', 'SUBNET_4G_CP'),
(400, 80, '172.23.24.221', 'SUBNET_2G_SERVICE'),
(401, 81, '172.17.94.106', 'SUBNET_3G_OSS'),
(402, 81, '172.17.94.106', 'SUBNET_3G_SERVICE'),
(403, 81, '172.18.94.106', 'SUBNET_4G_UP'),
(404, 81, '172.19.94.106', 'SUBNET_4G_CP'),
(405, 81, '172.23.24.210', 'SUBNET_2G_SERVICE'),
(406, 82, '172.17.94.97', 'SUBNET_3G_OSS'),
(407, 82, '172.17.94.97', 'SUBNET_3G_SERVICE'),
(408, 82, '172.18.94.97', 'SUBNET_4G_UP'),
(409, 82, '172.19.94.97', 'SUBNET_4G_CP'),
(410, 82, '172.23.24.201', 'SUBNET_2G_SERVICE'),
(411, 83, '172.17.94.88', 'SUBNET_3G_OSS'),
(412, 83, '172.17.94.88', 'SUBNET_3G_SERVICE'),
(413, 83, '172.18.94.88', 'SUBNET_4G_UP'),
(414, 83, '172.19.94.88', 'SUBNET_4G_CP'),
(415, 83, '172.23.24.192', 'SUBNET_2G_SERVICE'),
(416, 84, '172.17.94.94', 'SUBNET_3G_OSS'),
(417, 84, '172.17.94.94', 'SUBNET_3G_SERVICE'),
(418, 84, '172.18.94.94', 'SUBNET_4G_UP'),
(419, 84, '172.19.94.94', 'SUBNET_4G_CP'),
(420, 84, '172.23.24.198', 'SUBNET_2G_SERVICE'),
(421, 85, '172.17.94.75', 'SUBNET_3G_OSS'),
(422, 85, '172.17.94.75', 'SUBNET_3G_SERVICE'),
(423, 85, '172.18.94.75', 'SUBNET_4G_UP'),
(424, 85, '172.19.94.75', 'SUBNET_4G_CP'),
(425, 85, '172.23.24.179', 'SUBNET_2G_SERVICE'),
(426, 86, '172.17.94.115', 'SUBNET_3G_OSS'),
(427, 86, '172.17.94.115', 'SUBNET_3G_SERVICE'),
(428, 86, '172.18.94.115', 'SUBNET_4G_UP'),
(429, 86, '172.19.94.115', 'SUBNET_4G_CP'),
(430, 86, '172.23.24.219', 'SUBNET_2G_SERVICE'),
(431, 87, '172.17.94.96', 'SUBNET_3G_OSS'),
(432, 87, '172.17.94.96', 'SUBNET_3G_SERVICE'),
(433, 87, '172.18.94.96', 'SUBNET_4G_UP'),
(434, 87, '172.19.94.96', 'SUBNET_4G_CP'),
(435, 87, '172.23.24.200', 'SUBNET_2G_SERVICE'),
(436, 88, '172.17.94.116', 'SUBNET_3G_OSS'),
(437, 88, '172.17.94.116', 'SUBNET_3G_SERVICE'),
(438, 88, '172.18.94.116', 'SUBNET_4G_UP'),
(439, 88, '172.19.94.116', 'SUBNET_4G_CP'),
(440, 88, '172.23.24.220', 'SUBNET_2G_SERVICE'),
(441, 89, '172.17.94.74', 'SUBNET_3G_OSS'),
(442, 89, '172.17.94.74', 'SUBNET_3G_SERVICE'),
(443, 89, '172.18.94.74', 'SUBNET_4G_UP'),
(444, 89, '172.19.94.74', 'SUBNET_4G_CP'),
(445, 89, '172.23.24.178', 'SUBNET_2G_SERVICE'),
(446, 90, '172.17.94.77', 'SUBNET_3G_OSS'),
(447, 90, '172.17.94.77', 'SUBNET_3G_SERVICE'),
(448, 90, '172.18.94.77', 'SUBNET_4G_UP'),
(449, 90, '172.19.94.77', 'SUBNET_4G_CP'),
(450, 90, '172.23.24.181', 'SUBNET_2G_SERVICE'),
(451, 91, '172.17.94.91', 'SUBNET_3G_OSS'),
(452, 91, '172.17.94.91', 'SUBNET_3G_SERVICE'),
(453, 91, '172.18.94.91', 'SUBNET_4G_UP'),
(454, 91, '172.19.94.91', 'SUBNET_4G_CP'),
(455, 91, '172.23.24.195', 'SUBNET_2G_SERVICE'),
(456, 92, '172.17.94.113', 'SUBNET_3G_OSS'),
(457, 92, '172.17.94.113', 'SUBNET_3G_SERVICE'),
(458, 92, '172.18.94.113', 'SUBNET_4G_UP'),
(459, 92, '172.19.94.113', 'SUBNET_4G_CP'),
(460, 92, '172.23.24.217', 'SUBNET_2G_SERVICE'),
(461, 93, '172.17.94.87', 'SUBNET_3G_OSS'),
(462, 93, '172.17.94.87', 'SUBNET_3G_SERVICE'),
(463, 93, '172.18.94.87', 'SUBNET_4G_UP'),
(464, 93, '172.19.94.87', 'SUBNET_4G_CP'),
(465, 93, '172.23.24.191', 'SUBNET_2G_SERVICE'),
(466, 94, '172.17.94.78', 'SUBNET_3G_OSS'),
(467, 94, '172.17.94.78', 'SUBNET_3G_SERVICE'),
(468, 94, '172.18.94.78', 'SUBNET_4G_UP'),
(469, 94, '172.19.94.78', 'SUBNET_4G_CP'),
(470, 94, '172.23.24.182', 'SUBNET_2G_SERVICE'),
(471, 95, '172.17.94.93', 'SUBNET_3G_OSS'),
(472, 95, '172.17.94.93', 'SUBNET_3G_SERVICE'),
(473, 95, '172.18.94.93', 'SUBNET_4G_UP'),
(474, 95, '172.19.94.93', 'SUBNET_4G_CP'),
(475, 95, '172.23.24.197', 'SUBNET_2G_SERVICE'),
(476, 96, '172.17.94.107', 'SUBNET_3G_OSS'),
(477, 96, '172.17.94.107', 'SUBNET_3G_SERVICE'),
(478, 96, '172.18.94.107', 'SUBNET_4G_UP'),
(479, 96, '172.19.94.107', 'SUBNET_4G_CP'),
(480, 96, '172.23.24.211', 'SUBNET_2G_SERVICE'),
(481, 97, '172.17.94.73', 'SUBNET_3G_OSS'),
(482, 97, '172.17.94.73', 'SUBNET_3G_SERVICE'),
(483, 97, '172.18.94.73', 'SUBNET_4G_UP'),
(484, 97, '172.19.94.73', 'SUBNET_4G_CP'),
(485, 97, '172.23.24.177', 'SUBNET_2G_SERVICE'),
(486, 98, '172.17.94.92', 'SUBNET_3G_OSS'),
(487, 98, '172.17.94.92', 'SUBNET_3G_SERVICE'),
(488, 98, '172.18.94.92', 'SUBNET_4G_UP'),
(489, 98, '172.19.94.92', 'SUBNET_4G_CP'),
(490, 98, '172.23.24.196', 'SUBNET_2G_SERVICE'),
(491, 99, '172.17.94.105', 'SUBNET_3G_OSS'),
(492, 99, '172.17.94.105', 'SUBNET_3G_SERVICE'),
(493, 99, '172.18.94.105', 'SUBNET_4G_UP'),
(494, 99, '172.19.94.105', 'SUBNET_4G_CP'),
(495, 99, '172.23.24.209', 'SUBNET_2G_SERVICE'),
(496, 100, '172.17.94.86', 'SUBNET_3G_OSS'),
(497, 100, '172.17.94.86', 'SUBNET_3G_SERVICE'),
(498, 100, '172.18.94.86', 'SUBNET_4G_UP'),
(499, 100, '172.19.94.86', 'SUBNET_4G_CP'),
(500, 100, '172.23.24.190', 'SUBNET_2G_SERVICE'),
(501, 101, '172.17.94.104', 'SUBNET_3G_OSS'),
(502, 101, '172.17.94.104', 'SUBNET_3G_SERVICE'),
(503, 101, '172.18.94.104', 'SUBNET_4G_UP'),
(504, 101, '172.19.94.104', 'SUBNET_4G_CP'),
(505, 101, '172.23.24.208', 'SUBNET_2G_SERVICE'),
(506, 102, '172.17.94.85', 'SUBNET_3G_OSS'),
(507, 102, '172.17.94.85', 'SUBNET_3G_SERVICE'),
(508, 102, '172.18.94.85', 'SUBNET_4G_UP'),
(509, 102, '172.19.94.85', 'SUBNET_4G_CP'),
(510, 102, '172.23.24.189', 'SUBNET_2G_SERVICE'),
(511, 103, '172.17.94.97', 'SUBNET_3G_OSS'),
(512, 103, '172.17.94.97', 'SUBNET_3G_SERVICE'),
(513, 103, '172.18.94.97', 'SUBNET_4G_UP'),
(514, 103, '172.19.94.97', 'SUBNET_4G_CP'),
(515, 103, '172.23.24.201', 'SUBNET_2G_SERVICE'),
(516, 104, '172.17.94.111', 'SUBNET_3G_OSS'),
(517, 104, '172.17.94.111', 'SUBNET_3G_SERVICE'),
(518, 104, '172.18.94.111', 'SUBNET_4G_UP'),
(519, 104, '172.19.94.111', 'SUBNET_4G_CP'),
(520, 104, '172.23.24.215', 'SUBNET_2G_SERVICE'),
(521, 105, '172.17.94.99', 'SUBNET_3G_OSS'),
(522, 105, '172.17.94.99', 'SUBNET_3G_SERVICE'),
(523, 105, '172.18.94.99', 'SUBNET_4G_UP'),
(524, 105, '172.19.94.99', 'SUBNET_4G_CP'),
(525, 105, '172.23.24.203', 'SUBNET_2G_SERVICE'),
(526, 106, '172.17.94.108', 'SUBNET_3G_OSS'),
(527, 106, '172.17.94.108', 'SUBNET_3G_SERVICE'),
(528, 106, '172.18.94.108', 'SUBNET_4G_UP'),
(529, 106, '172.19.94.108', 'SUBNET_4G_CP'),
(530, 106, '172.23.24.212', 'SUBNET_2G_SERVICE'),
(531, 107, '172.17.94.84', 'SUBNET_3G_OSS'),
(532, 107, '172.17.94.84', 'SUBNET_3G_SERVICE'),
(533, 107, '172.18.94.84', 'SUBNET_4G_UP'),
(534, 107, '172.19.94.84', 'SUBNET_4G_CP'),
(535, 107, '172.23.24.188', 'SUBNET_2G_SERVICE'),
(536, 108, '172.17.94.80', 'SUBNET_3G_OSS'),
(537, 108, '172.17.94.80', 'SUBNET_3G_SERVICE'),
(538, 108, '172.18.94.80', 'SUBNET_4G_UP'),
(539, 108, '172.19.94.80', 'SUBNET_4G_CP'),
(540, 108, '172.23.24.184', 'SUBNET_2G_SERVICE'),
(541, 109, '172.17.94.112', 'SUBNET_3G_OSS'),
(542, 109, '172.17.94.112', 'SUBNET_3G_SERVICE'),
(543, 109, '172.18.94.112', 'SUBNET_4G_UP'),
(544, 109, '172.19.94.112', 'SUBNET_4G_CP'),
(545, 109, '172.23.24.216', 'SUBNET_2G_SERVICE'),
(546, 110, '172.17.94.110', 'SUBNET_3G_OSS'),
(547, 110, '172.17.94.110', 'SUBNET_3G_SERVICE'),
(548, 110, '172.18.94.110', 'SUBNET_4G_UP'),
(549, 110, '172.19.94.110', 'SUBNET_4G_CP'),
(550, 110, '172.23.24.214', 'SUBNET_2G_SERVICE'),
(551, 111, '172.17.94.100', 'SUBNET_3G_OSS'),
(552, 111, '172.17.94.100', 'SUBNET_3G_SERVICE'),
(553, 111, '172.18.94.100', 'SUBNET_4G_UP'),
(554, 111, '172.19.94.100', 'SUBNET_4G_CP'),
(555, 111, '172.23.24.204', 'SUBNET_2G_SERVICE'),
(556, 112, '172.17.94.103', 'SUBNET_3G_OSS'),
(557, 112, '172.17.94.103', 'SUBNET_3G_SERVICE'),
(558, 112, '172.18.94.103', 'SUBNET_4G_UP'),
(559, 112, '172.19.94.103', 'SUBNET_4G_CP'),
(560, 112, '172.23.24.207', 'SUBNET_2G_SERVICE'),
(561, 113, '172.17.94.90', 'SUBNET_3G_OSS'),
(562, 113, '172.17.94.90', 'SUBNET_3G_SERVICE'),
(563, 113, '172.18.94.90', 'SUBNET_4G_UP'),
(564, 113, '172.19.94.90', 'SUBNET_4G_CP'),
(565, 113, '172.23.24.194', 'SUBNET_2G_SERVICE'),
(566, 114, '172.17.94.72', 'SUBNET_3G_OSS'),
(567, 114, '172.17.94.72', 'SUBNET_3G_SERVICE'),
(568, 114, '172.18.94.72', 'SUBNET_4G_UP'),
(569, 114, '172.19.94.72', 'SUBNET_4G_CP'),
(570, 114, '172.23.24.176', 'SUBNET_2G_SERVICE'),
(571, 115, '172.17.94.104', 'SUBNET_3G_OSS'),
(572, 115, '172.17.94.104', 'SUBNET_3G_SERVICE'),
(573, 115, '172.18.94.104', 'SUBNET_4G_UP'),
(574, 115, '172.19.94.104', 'SUBNET_4G_CP'),
(575, 115, '172.23.24.208', 'SUBNET_2G_SERVICE'),
(576, 116, '172.17.94.76', 'SUBNET_3G_OSS'),
(577, 116, '172.17.94.76', 'SUBNET_3G_SERVICE'),
(578, 116, '172.18.94.76', 'SUBNET_4G_UP'),
(579, 116, '172.19.94.76', 'SUBNET_4G_CP'),
(580, 116, '172.23.24.180', 'SUBNET_2G_SERVICE'),
(581, 117, '172.17.94.124', 'SUBNET_3G_OSS'),
(582, 117, '172.17.94.124', 'SUBNET_3G_SERVICE'),
(583, 117, '172.18.94.124', 'SUBNET_4G_UP'),
(584, 117, '172.18.94.124', 'SUBNET_4G_CP'),
(585, 117, '172.23.24.228', 'SUBNET_2G_SERVICE'),
(586, 118, '172.17.94.142', 'SUBNET_3G_OSS'),
(587, 118, '172.17.94.142', 'SUBNET_3G_SERVICE'),
(588, 118, '172.18.94.142', 'SUBNET_4G_UP'),
(589, 118, '172.19.94.142', 'SUBNET_4G_CP'),
(590, 118, '172.23.24.246', 'SUBNET_2G_SERVICE'),
(591, 119, '172.17.94.83', 'SUBNET_3G_OSS'),
(592, 119, '172.17.94.83', 'SUBNET_3G_SERVICE'),
(593, 119, '172.18.94.83', 'SUBNET_4G_UP'),
(594, 119, '172.19.94.83', 'SUBNET_4G_CP'),
(595, 119, '172.23.24.187', 'SUBNET_2G_SERVICE'),
(596, 120, '172.17.94.133', 'SUBNET_3G_OSS'),
(597, 120, '172.17.94.133', 'SUBNET_3G_SERVICE'),
(598, 120, '172.18.94.133', 'SUBNET_4G_UP'),
(599, 120, '172.19.94.133', 'SUBNET_4G_CP'),
(600, 120, '172.23.24.237', 'SUBNET_2G_SERVICE'),
(601, 121, '172.17.94.100', 'SUBNET_3G_OSS'),
(602, 121, '172.17.94.100', 'SUBNET_3G_SERVICE'),
(603, 121, '172.18.94.100', 'SUBNET_4G_UP'),
(604, 121, '172.19.94.100', 'SUBNET_4G_CP'),
(605, 121, '172.23.24.204', 'SUBNET_2G_SERVICE'),
(606, 122, '172.17.94.118', 'SUBNET_3G_OSS'),
(607, 122, '172.17.94.118', 'SUBNET_3G_SERVICE'),
(608, 122, '172.18.94.118', 'SUBNET_4G_UP'),
(609, 122, '172.18.94.118', 'SUBNET_4G_CP'),
(610, 122, '172.23.24.222', 'SUBNET_2G_SERVICE'),
(611, 123, '172.17.94.107', 'SUBNET_3G_OSS'),
(612, 123, '172.17.94.107', 'SUBNET_3G_SERVICE'),
(613, 123, '172.18.94.107', 'SUBNET_4G_UP'),
(614, 123, '172.19.94.107', 'SUBNET_4G_CP'),
(615, 123, '172.23.24.211', 'SUBNET_2G_SERVICE'),
(616, 124, '172.17.94.95', 'SUBNET_3G_OSS'),
(617, 124, '172.17.94.95', 'SUBNET_3G_SERVICE'),
(618, 124, '172.18.94.95', 'SUBNET_4G_UP'),
(619, 124, '172.19.94.95', 'SUBNET_4G_CP'),
(620, 124, '172.23.24.199', 'SUBNET_2G_SERVICE'),
(621, 125, '172.17.94.99', 'SUBNET_3G_OSS'),
(622, 125, '172.17.94.99', 'SUBNET_3G_SERVICE'),
(623, 125, '172.18.94.99', 'SUBNET_4G_UP'),
(624, 125, '172.19.94.99', 'SUBNET_4G_CP'),
(625, 125, '172.23.24.203', 'SUBNET_2G_SERVICE'),
(626, 126, '172.17.94.98', 'SUBNET_3G_OSS'),
(627, 126, '172.17.94.98', 'SUBNET_3G_SERVICE'),
(628, 126, '172.18.94.98', 'SUBNET_4G_UP'),
(629, 126, '172.19.94.98', 'SUBNET_4G_CP'),
(630, 126, '172.23.24.202', 'SUBNET_2G_SERVICE'),
(631, 127, '172.17.94.108', 'SUBNET_3G_OSS'),
(632, 127, '172.17.94.108', 'SUBNET_3G_SERVICE'),
(633, 127, '172.18.94.108', 'SUBNET_4G_UP'),
(634, 127, '172.19.94.108', 'SUBNET_4G_CP'),
(635, 127, '172.23.24.212', 'SUBNET_2G_SERVICE'),
(636, 128, '172.17.94.82', 'SUBNET_3G_OSS'),
(637, 128, '172.17.94.82', 'SUBNET_3G_SERVICE'),
(638, 128, '172.18.94.82', 'SUBNET_4G_UP'),
(639, 128, '172.19.94.82', 'SUBNET_4G_CP'),
(640, 128, '172.23.24.186', 'SUBNET_2G_SERVICE'),
(641, 129, '172.17.94.94', 'SUBNET_3G_OSS'),
(642, 129, '172.17.94.94', 'SUBNET_3G_SERVICE'),
(643, 129, '172.18.94.94', 'SUBNET_4G_UP'),
(644, 129, '172.19.94.94', 'SUBNET_4G_CP'),
(645, 129, '172.23.24.198', 'SUBNET_2G_SERVICE'),
(646, 130, '172.17.94.113', 'SUBNET_3G_OSS'),
(647, 130, '172.17.94.113', 'SUBNET_3G_SERVICE'),
(648, 130, '172.18.94.113', 'SUBNET_4G_UP'),
(649, 130, '172.19.94.113', 'SUBNET_4G_CP'),
(650, 130, '172.23.24.217', 'SUBNET_2G_SERVICE'),
(651, 131, '172.17.94.130', 'SUBNET_3G_OSS'),
(652, 131, '172.17.94.130', 'SUBNET_3G_SERVICE'),
(653, 131, '172.18.94.130', 'SUBNET_4G_UP'),
(654, 131, '172.18.94.130', 'SUBNET_4G_CP'),
(655, 131, '172.23.24.234', 'SUBNET_2G_SERVICE'),
(656, 132, '172.17.94.127', 'SUBNET_3G_OSS'),
(657, 132, '172.17.94.127', 'SUBNET_3G_SERVICE'),
(658, 132, '172.18.94.127', 'SUBNET_4G_UP'),
(659, 132, '172.19.94.127', 'SUBNET_4G_CP'),
(660, 132, '172.23.24.230', 'SUBNET_2G_SERVICE'),
(661, 133, '172.17.94.109', 'SUBNET_3G_OSS'),
(662, 133, '172.17.94.109', 'SUBNET_3G_SERVICE'),
(663, 133, '172.18.94.109', 'SUBNET_4G_UP'),
(664, 133, '172.19.94.109', 'SUBNET_4G_CP'),
(665, 133, '172.23.24.213', 'SUBNET_2G_SERVICE'),
(666, 134, '172.17.94.89', 'SUBNET_3G_OSS'),
(667, 134, '172.17.94.89', 'SUBNET_3G_SERVICE'),
(668, 134, '172.18.94.89', 'SUBNET_4G_UP'),
(669, 134, '172.19.94.89', 'SUBNET_4G_CP'),
(670, 134, '172.23.24.193', 'SUBNET_2G_SERVICE'),
(671, 135, '172.17.94.129', 'SUBNET_3G_OSS'),
(672, 135, '172.17.94.129', 'SUBNET_3G_SERVICE'),
(673, 135, '172.18.94.129', 'SUBNET_4G_UP'),
(674, 135, '172.19.94.129', 'SUBNET_4G_CP'),
(675, 135, '172.23.24.233', 'SUBNET_2G_SERVICE'),
(676, 136, '172.17.94.107', 'SUBNET_3G_OSS'),
(677, 136, '172.17.94.107', 'SUBNET_3G_SERVICE'),
(678, 136, '172.18.94.107', 'SUBNET_4G_UP'),
(679, 136, '172.19.94.107', 'SUBNET_4G_CP'),
(680, 136, '172.23.24.211', 'SUBNET_2G_SERVICE'),
(681, 137, '172.17.94.79', 'SUBNET_3G_OSS'),
(682, 137, '172.17.94.79', 'SUBNET_3G_SERVICE'),
(683, 137, '172.18.94.79', 'SUBNET_4G_UP'),
(684, 137, '172.19.94.79', 'SUBNET_4G_CP'),
(685, 137, '172.23.24.183', 'SUBNET_2G_SERVICE'),
(686, 138, '172.17.94.106', 'SUBNET_3G_OSS'),
(687, 138, '172.17.94.106', 'SUBNET_3G_SERVICE'),
(688, 138, '172.18.94.106', 'SUBNET_4G_UP'),
(689, 138, '172.19.94.106', 'SUBNET_4G_CP'),
(690, 138, '172.23.24.210', 'SUBNET_2G_SERVICE'),
(691, 139, '172.17.94.122', 'SUBNET_3G_OSS'),
(692, 139, '172.17.94.122', 'SUBNET_3G_SERVICE'),
(693, 139, '172.18.94.122', 'SUBNET_4G_UP'),
(694, 139, '172.18.94.120', 'SUBNET_4G_CP'),
(695, 139, '172.23.24.226', 'SUBNET_2G_SERVICE'),
(696, 140, '172.17.94.114', 'SUBNET_3G_OSS'),
(697, 140, '172.17.94.114', 'SUBNET_3G_SERVICE'),
(698, 140, '172.18.94.114', 'SUBNET_4G_UP'),
(699, 140, '172.19.94.114', 'SUBNET_4G_CP'),
(700, 140, '172.23.24.218', 'SUBNET_2G_SERVICE'),
(701, 141, '172.17.94.73', 'SUBNET_3G_OSS'),
(702, 141, '172.17.94.73', 'SUBNET_3G_SERVICE'),
(703, 141, '172.18.94.73', 'SUBNET_4G_UP'),
(704, 141, '172.19.94.73', 'SUBNET_4G_CP'),
(705, 141, '172.23.24.177', 'SUBNET_2G_SERVICE'),
(706, 142, '172.17.94.106', 'SUBNET_3G_OSS'),
(707, 142, '172.17.94.106', 'SUBNET_3G_SERVICE'),
(708, 142, '172.18.94.106', 'SUBNET_4G_UP'),
(709, 142, '172.19.94.106', 'SUBNET_4G_CP'),
(710, 142, '172.23.24.210', 'SUBNET_2G_SERVICE'),
(711, 143, '172.17.94.131', 'SUBNET_3G_OSS'),
(712, 143, '172.17.94.131', 'SUBNET_3G_SERVICE'),
(713, 143, '172.18.94.131', 'SUBNET_4G_UP'),
(714, 143, '172.19.94.129', 'SUBNET_4G_CP'),
(715, 143, '172.23.24.235', 'SUBNET_2G_SERVICE'),
(716, 144, '172.17.94.102', 'SUBNET_3G_OSS'),
(717, 144, '172.17.94.102', 'SUBNET_3G_SERVICE'),
(718, 144, '172.18.94.102', 'SUBNET_4G_UP'),
(719, 144, '172.19.94.102', 'SUBNET_4G_CP'),
(720, 144, '172.23.24.206', 'SUBNET_2G_SERVICE'),
(721, 145, '172.17.94.137', 'SUBNET_3G_OSS'),
(722, 145, '172.17.94.137', 'SUBNET_3G_SERVICE'),
(723, 145, '172.18.94.137', 'SUBNET_4G_UP'),
(724, 145, '172.19.94.137', 'SUBNET_4G_CP'),
(725, 145, '172.23.24.241', 'SUBNET_2G_SERVICE'),
(726, 146, '172.17.94.93', 'SUBNET_3G_OSS'),
(727, 146, '172.17.94.93', 'SUBNET_3G_SERVICE'),
(728, 146, '172.18.94.93', 'SUBNET_4G_UP'),
(729, 146, '172.19.94.93', 'SUBNET_4G_CP'),
(730, 146, '172.23.24.197', 'SUBNET_2G_SERVICE'),
(731, 147, '172.17.94.81', 'SUBNET_3G_OSS'),
(732, 147, '172.17.94.81', 'SUBNET_3G_SERVICE'),
(733, 147, '172.18.94.81', 'SUBNET_4G_UP'),
(734, 147, '172.19.94.81', 'SUBNET_4G_CP'),
(735, 147, '172.23.24.185', 'SUBNET_2G_SERVICE'),
(736, 148, '172.17.94.105', 'SUBNET_3G_OSS'),
(737, 148, '172.17.94.105', 'SUBNET_3G_SERVICE'),
(738, 148, '172.18.94.105', 'SUBNET_4G_UP'),
(739, 148, '172.19.94.105', 'SUBNET_4G_CP'),
(740, 148, '172.23.24.209', 'SUBNET_2G_SERVICE'),
(741, 149, '172.17.94.116', 'SUBNET_3G_OSS'),
(742, 149, '172.17.94.116', 'SUBNET_3G_SERVICE'),
(743, 149, '172.18.94.116', 'SUBNET_4G_UP'),
(744, 149, '172.19.94.116', 'SUBNET_4G_CP'),
(745, 149, '172.23.24.220', 'SUBNET_2G_SERVICE'),
(746, 150, '172.17.94.80', 'SUBNET_3G_OSS'),
(747, 150, '172.17.94.80', 'SUBNET_3G_SERVICE'),
(748, 150, '172.18.94.80', 'SUBNET_4G_UP'),
(749, 150, '172.19.94.80', 'SUBNET_4G_CP'),
(750, 150, '172.23.24.184', 'SUBNET_2G_SERVICE'),
(751, 151, '172.17.94.123', 'SUBNET_3G_OSS'),
(752, 151, '172.17.94.123', 'SUBNET_3G_SERVICE'),
(753, 151, '172.18.94.123', 'SUBNET_4G_UP'),
(754, 151, '172.19.94.123', 'SUBNET_4G_CP'),
(755, 151, '172.23.24.227', 'SUBNET_2G_SERVICE'),
(756, 152, '172.17.94.138', 'SUBNET_3G_OSS'),
(757, 152, '172.17.94.138', 'SUBNET_3G_SERVICE'),
(758, 152, '172.18.94.138', 'SUBNET_4G_UP'),
(759, 152, '172.19.94.138', 'SUBNET_4G_CP'),
(760, 152, '172.23.24.242', 'SUBNET_2G_SERVICE'),
(761, 153, '172.17.94.77', 'SUBNET_3G_OSS'),
(762, 153, '172.17.94.77', 'SUBNET_3G_SERVICE'),
(763, 153, '172.18.94.77', 'SUBNET_4G_UP'),
(764, 153, '172.19.94.77', 'SUBNET_4G_CP'),
(765, 153, '172.23.24.181', 'SUBNET_2G_SERVICE'),
(766, 154, '172.17.94.103', 'SUBNET_3G_OSS'),
(767, 154, '172.17.94.103', 'SUBNET_3G_SERVICE'),
(768, 154, '172.18.94.103', 'SUBNET_4G_UP'),
(769, 154, '172.19.94.103', 'SUBNET_4G_CP'),
(770, 154, '172.23.24.207', 'SUBNET_2G_SERVICE'),
(771, 155, '172.17.94.128', 'SUBNET_3G_OSS'),
(772, 155, '172.17.94.128', 'SUBNET_3G_SERVICE'),
(773, 155, '172.18.94.128', 'SUBNET_4G_UP'),
(774, 155, '172.18.94.128', 'SUBNET_4G_CP'),
(775, 155, '172.23.24.232', 'SUBNET_2G_SERVICE'),
(776, 156, '172.17.94.88', 'SUBNET_3G_OSS'),
(777, 156, '172.17.94.88', 'SUBNET_3G_SERVICE'),
(778, 156, '172.18.94.88', 'SUBNET_4G_UP'),
(779, 156, '172.19.94.88', 'SUBNET_4G_CP'),
(780, 156, '172.23.24.192', 'SUBNET_2G_SERVICE'),
(781, 157, '172.17.94.125', 'SUBNET_3G_OSS'),
(782, 157, '172.17.94.125', 'SUBNET_3G_SERVICE'),
(783, 157, '172.18.94.125', 'SUBNET_4G_UP'),
(784, 157, '172.19.94.125', 'SUBNET_4G_CP'),
(785, 157, '172.23.24.229', 'SUBNET_2G_SERVICE'),
(786, 158, '172.17.94.102', 'SUBNET_3G_OSS'),
(787, 158, '172.17.94.102', 'SUBNET_3G_SERVICE'),
(788, 158, '172.18.94.102', 'SUBNET_4G_UP'),
(789, 158, '172.19.94.102', 'SUBNET_4G_CP'),
(790, 158, '172.23.24.206', 'SUBNET_2G_SERVICE'),
(791, 159, '172.17.94.135', 'SUBNET_3G_OSS'),
(792, 159, '172.17.94.135', 'SUBNET_3G_SERVICE'),
(793, 159, '172.18.94.135', 'SUBNET_4G_UP'),
(794, 159, '172.18.94.135', 'SUBNET_4G_CP'),
(795, 159, '172.23.24.240', 'SUBNET_2G_SERVICE'),
(796, 160, '172.17.94.134', 'SUBNET_3G_OSS'),
(797, 160, '172.17.94.134', 'SUBNET_3G_SERVICE'),
(798, 160, '172.18.94.134', 'SUBNET_4G_UP'),
(799, 160, '172.18.94.134', 'SUBNET_4G_CP'),
(800, 160, '172.23.24.238', 'SUBNET_2G_SERVICE'),
(801, 161, '172.17.94.93', 'SUBNET_3G_OSS'),
(802, 161, '172.17.94.93', 'SUBNET_3G_SERVICE'),
(803, 161, '172.18.94.93', 'SUBNET_4G_UP'),
(804, 161, '172.19.94.93', 'SUBNET_4G_CP'),
(805, 161, '172.23.24.197', 'SUBNET_2G_SERVICE'),
(806, 162, '172.17.94.90', 'SUBNET_3G_OSS'),
(807, 162, '172.17.94.90', 'SUBNET_3G_SERVICE'),
(808, 162, '172.18.94.90', 'SUBNET_4G_UP'),
(809, 162, '172.19.94.90', 'SUBNET_4G_CP'),
(810, 162, '172.23.24.193', 'SUBNET_2G_SERVICE'),
(811, 163, '172.17.94.117', 'SUBNET_3G_OSS'),
(812, 163, '172.17.94.117', 'SUBNET_3G_SERVICE'),
(813, 163, '172.18.94.117', 'SUBNET_4G_UP'),
(814, 163, '172.19.94.117', 'SUBNET_4G_CP'),
(815, 163, '172.23.24.221', 'SUBNET_2G_SERVICE'),
(816, 164, '172.17.94.97', 'SUBNET_3G_OSS'),
(817, 164, '172.17.94.97', 'SUBNET_3G_SERVICE'),
(818, 164, '172.18.94.97', 'SUBNET_4G_UP'),
(819, 164, '172.19.94.97', 'SUBNET_4G_CP'),
(820, 164, '172.23.24.201', 'SUBNET_2G_SERVICE'),
(821, 165, '172.17.94.91', 'SUBNET_3G_OSS'),
(822, 165, '172.17.94.91', 'SUBNET_3G_SERVICE'),
(823, 165, '172.18.94.91', 'SUBNET_4G_UP'),
(824, 165, '172.19.94.91', 'SUBNET_4G_CP'),
(825, 165, '172.23.24.195', 'SUBNET_2G_SERVICE'),
(826, 166, '172.17.94.86', 'SUBNET_3G_OSS'),
(827, 166, '172.17.94.86', 'SUBNET_3G_SERVICE'),
(828, 166, '172.18.94.86', 'SUBNET_4G_UP'),
(829, 166, '172.19.94.86', 'SUBNET_4G_CP'),
(830, 166, '172.23.24.190', 'SUBNET_2G_SERVICE'),
(831, 167, '172.17.94.94', 'SUBNET_3G_OSS'),
(832, 167, '172.17.94.94', 'SUBNET_3G_SERVICE'),
(833, 167, '172.18.94.94', 'SUBNET_4G_UP'),
(834, 167, '172.19.94.94', 'SUBNET_4G_CP'),
(835, 167, '172.23.24.198', 'SUBNET_2G_SERVICE'),
(836, 168, '172.17.94.139', 'SUBNET_3G_OSS'),
(837, 168, '172.17.94.139', 'SUBNET_3G_SERVICE'),
(838, 168, '172.18.94.139', 'SUBNET_4G_UP'),
(839, 168, '172.19.94.139', 'SUBNET_4G_CP'),
(840, 168, '172.23.24.243', 'SUBNET_2G_SERVICE'),
(841, 169, '172.17.94.96', 'SUBNET_3G_OSS'),
(842, 169, '172.17.94.96', 'SUBNET_3G_SERVICE'),
(843, 169, '172.18.94.96', 'SUBNET_4G_UP'),
(844, 169, '172.19.94.96', 'SUBNET_4G_CP'),
(845, 169, '172.23.24.200', 'SUBNET_2G_SERVICE'),
(846, 170, '172.17.94.91', 'SUBNET_3G_OSS'),
(847, 170, '172.17.94.91', 'SUBNET_3G_SERVICE'),
(848, 170, '172.18.94.91', 'SUBNET_4G_UP'),
(849, 170, '172.19.94.91', 'SUBNET_4G_CP'),
(850, 170, '172.23.24.195', 'SUBNET_2G_SERVICE'),
(851, 171, '172.17.94.92', 'SUBNET_3G_OSS'),
(852, 171, '172.17.94.92', 'SUBNET_3G_SERVICE'),
(853, 171, '172.18.94.92', 'SUBNET_4G_UP'),
(854, 171, '172.19.94.92', 'SUBNET_4G_CP'),
(855, 171, '172.23.24.196', 'SUBNET_2G_SERVICE'),
(856, 172, '172.17.94.108', 'SUBNET_3G_OSS'),
(857, 172, '172.17.94.108', 'SUBNET_3G_SERVICE'),
(858, 172, '172.18.94.108', 'SUBNET_4G_UP'),
(859, 172, '172.19.94.108', 'SUBNET_4G_CP'),
(860, 172, '172.23.24.212', 'SUBNET_2G_SERVICE'),
(861, 173, '172.17.94.105', 'SUBNET_3G_OSS'),
(862, 173, '172.17.94.105', 'SUBNET_3G_SERVICE'),
(863, 173, '172.18.94.105', 'SUBNET_4G_UP'),
(864, 173, '172.19.94.105', 'SUBNET_4G_CP'),
(865, 173, '172.23.24.209', 'SUBNET_2G_SERVICE'),
(866, 174, '172.17.94.120', 'SUBNET_3G_OSS'),
(867, 174, '172.17.94.120', 'SUBNET_3G_SERVICE'),
(868, 174, '172.18.94.120', 'SUBNET_4G_UP'),
(869, 174, '172.18.94.120', 'SUBNET_4G_CP'),
(870, 174, '172.23.24.2224', 'SUBNET_2G_SERVICE'),
(871, 175, '172.17.94.112', 'SUBNET_3G_OSS'),
(872, 175, '172.17.94.112', 'SUBNET_3G_SERVICE'),
(873, 175, '172.18.94.112', 'SUBNET_4G_UP'),
(874, 175, '172.19.94.12', 'SUBNET_4G_CP'),
(875, 175, '172.23.24.216', 'SUBNET_2G_SERVICE'),
(876, 176, '172.17.94.99', 'SUBNET_3G_OSS'),
(877, 176, '172.17.94.99', 'SUBNET_3G_SERVICE'),
(878, 176, '172.18.94.99', 'SUBNET_4G_UP'),
(879, 176, '172.19.94.99', 'SUBNET_4G_CP'),
(880, 176, '172.23.24.203', 'SUBNET_2G_SERVICE'),
(881, 177, '172.17.94.135', 'SUBNET_3G_OSS'),
(882, 177, '172.17.94.135', 'SUBNET_3G_SERVICE'),
(883, 177, '172.18.94.135', 'SUBNET_4G_UP'),
(884, 177, '172.19.94.135', 'SUBNET_4G_CP'),
(885, 177, '172.23.24.239', 'SUBNET_2G_SERVICE'),
(886, 178, '172.17.94.115', 'SUBNET_3G_OSS'),
(887, 178, '172.17.94.115', 'SUBNET_3G_SERVICE'),
(888, 178, '172.18.94.115', 'SUBNET_4G_UP'),
(889, 178, '172.19.94.115', 'SUBNET_4G_CP'),
(890, 178, '172.23.24.219', 'SUBNET_2G_SERVICE'),
(891, 179, '172.17.94.132', 'SUBNET_3G_OSS'),
(892, 179, '172.17.94.132', 'SUBNET_3G_SERVICE'),
(893, 179, '172.18.94.132', 'SUBNET_4G_UP'),
(894, 179, '172.18.94.132', 'SUBNET_4G_CP'),
(895, 179, '172.23.24.236', 'SUBNET_2G_SERVICE'),
(896, 180, '172.17.94.140', 'SUBNET_3G_OSS'),
(897, 180, '172.17.94.140', 'SUBNET_3G_SERVICE'),
(898, 180, '172.18.94.140', 'SUBNET_4G_UP'),
(899, 180, '172.19.94.140', 'SUBNET_4G_CP'),
(900, 180, '172.23.24.244', 'SUBNET_2G_SERVICE'),
(901, 181, '172.17.94.111', 'SUBNET_3G_OSS'),
(902, 181, '172.17.94.111', 'SUBNET_3G_SERVICE'),
(903, 181, '172.18.94.111', 'SUBNET_4G_UP'),
(904, 181, '172.19.94.111', 'SUBNET_4G_CP'),
(905, 181, '172.23.24.215', 'SUBNET_2G_SERVICE'),
(906, 182, '172.17.94.98', 'SUBNET_3G_OSS'),
(907, 182, '172.17.94.98', 'SUBNET_3G_SERVICE'),
(908, 182, '172.18.94.98', 'SUBNET_4G_UP'),
(909, 182, '172.19.94.98', 'SUBNET_4G_CP'),
(910, 182, '172.23.24.202', 'SUBNET_2G_SERVICE'),
(911, 183, '172.17.94.89', 'SUBNET_3G_OSS'),
(912, 183, '172.17.94.89', 'SUBNET_3G_SERVICE'),
(913, 183, '172.18.94.89', 'SUBNET_4G_UP'),
(914, 183, '172.19.94.89', 'SUBNET_4G_CP'),
(915, 183, '172.23.24.193', 'SUBNET_2G_SERVICE'),
(916, 184, '172.17.94.126', 'SUBNET_3G_OSS'),
(917, 184, '172.17.94.126', 'SUBNET_3G_SERVICE'),
(918, 184, '172.18.94.126', 'SUBNET_4G_UP'),
(919, 184, '172.18.94.126', 'SUBNET_4G_CP'),
(920, 184, '172.23.24.230', 'SUBNET_2G_SERVICE'),
(921, 185, '172.17.94.103', 'SUBNET_3G_OSS'),
(922, 185, '172.17.94.103', 'SUBNET_3G_SERVICE'),
(923, 185, '172.18.94.103', 'SUBNET_4G_UP'),
(924, 185, '172.19.94.103', 'SUBNET_4G_CP'),
(925, 185, '172.23.24.207', 'SUBNET_2G_SERVICE'),
(926, 186, '172.17.94.104', 'SUBNET_3G_OSS'),
(927, 186, '172.17.94.104', 'SUBNET_3G_SERVICE'),
(928, 186, '172.18.94.104', 'SUBNET_4G_UP'),
(929, 186, '172.19.94.104', 'SUBNET_4G_CP'),
(930, 186, '172.23.24.208', 'SUBNET_2G_SERVICE'),
(931, 187, '172.17.94.75', 'SUBNET_3G_OSS'),
(932, 187, '172.17.94.75', 'SUBNET_3G_SERVICE'),
(933, 187, '172.18.94.75', 'SUBNET_4G_UP'),
(934, 187, '172.19.94.75', 'SUBNET_4G_CP'),
(935, 187, '172.23.24.179', 'SUBNET_2G_SERVICE'),
(936, 188, '172.17.94.96', 'SUBNET_3G_OSS'),
(937, 188, '172.17.94.96', 'SUBNET_3G_SERVICE'),
(938, 188, '172.18.94.96', 'SUBNET_4G_UP'),
(939, 188, '172.19.94.96', 'SUBNET_4G_CP'),
(940, 188, '172.23.24.200', 'SUBNET_2G_SERVICE'),
(941, 189, '172.17.94.90', 'SUBNET_3G_OSS'),
(942, 189, '172.17.94.90', 'SUBNET_3G_SERVICE'),
(943, 189, '172.18.94.90', 'SUBNET_4G_UP'),
(944, 189, '172.19.94.90', 'SUBNET_4G_CP'),
(945, 189, '172.23.24.194', 'SUBNET_2G_SERVICE'),
(946, 190, '172.17.94.121', 'SUBNET_3G_OSS'),
(947, 190, '172.17.94.121', 'SUBNET_3G_SERVICE'),
(948, 190, '172.18.94.121', 'SUBNET_4G_UP'),
(949, 190, '172.19.94.121', 'SUBNET_4G_CP'),
(950, 190, '172.23.24.225', 'SUBNET_2G_SERVICE'),
(951, 191, '172.17.94.101', 'SUBNET_3G_OSS'),
(952, 191, '172.17.94.101', 'SUBNET_3G_SERVICE'),
(953, 191, '172.18.94.101', 'SUBNET_4G_UP'),
(954, 191, '172.19.94.101', 'SUBNET_4G_CP'),
(955, 191, '172.23.24.205', 'SUBNET_2G_SERVICE'),
(956, 192, '172.17.94.84', 'SUBNET_3G_OSS'),
(957, 192, '172.17.94.84', 'SUBNET_3G_SERVICE'),
(958, 192, '172.18.94.84', 'SUBNET_4G_UP'),
(959, 192, '172.19.94.84', 'SUBNET_4G_CP'),
(960, 192, '172.23.24.188', 'SUBNET_2G_SERVICE'),
(961, 193, '172.17.94.100', 'SUBNET_3G_OSS'),
(962, 193, '172.17.94.100', 'SUBNET_3G_SERVICE'),
(963, 193, '172.18.94.100', 'SUBNET_4G_UP'),
(964, 193, '172.19.94.100', 'SUBNET_4G_CP'),
(965, 193, '172.23.24.204', 'SUBNET_2G_SERVICE'),
(966, 194, '172.17.94.95', 'SUBNET_3G_OSS'),
(967, 194, '172.17.94.95', 'SUBNET_3G_SERVICE'),
(968, 194, '172.18.94.95', 'SUBNET_4G_UP'),
(969, 194, '172.19.94.95', 'SUBNET_4G_CP'),
(970, 194, '172.23.24.199', 'SUBNET_2G_SERVICE'),
(971, 195, '172.17.94.78', 'SUBNET_3G_OSS'),
(972, 195, '172.17.94.78', 'SUBNET_3G_SERVICE'),
(973, 195, '172.18.94.78', 'SUBNET_4G_UP'),
(974, 195, '172.19.94.78', 'SUBNET_4G_CP'),
(975, 195, '172.23.24.182', 'SUBNET_2G_SERVICE'),
(976, 196, '172.17.94.119', 'SUBNET_3G_OSS'),
(977, 196, '172.17.94.119', 'SUBNET_3G_SERVICE'),
(978, 196, '172.18.94.119', 'SUBNET_4G_UP'),
(979, 196, '172.19.94.119', 'SUBNET_4G_CP'),
(980, 196, '172.23.24.223', 'SUBNET_2G_SERVICE'),
(981, 197, '172.17.94.87', 'SUBNET_3G_OSS'),
(982, 197, '172.17.94.87', 'SUBNET_3G_SERVICE'),
(983, 197, '172.18.94.87', 'SUBNET_4G_UP'),
(984, 197, '172.19.94.87', 'SUBNET_4G_CP'),
(985, 197, '172.23.24.191', 'SUBNET_2G_SERVICE'),
(986, 198, '172.17.94.92', 'SUBNET_3G_OSS'),
(987, 198, '172.17.94.92', 'SUBNET_3G_SERVICE'),
(988, 198, '172.18.94.92', 'SUBNET_4G_UP'),
(989, 198, '172.19.94.92', 'SUBNET_4G_CP'),
(990, 198, '172.23.24.196', 'SUBNET_2G_SERVICE'),
(991, 199, '172.17.94.101', 'SUBNET_3G_OSS'),
(992, 199, '172.17.94.101', 'SUBNET_3G_SERVICE'),
(993, 199, '172.18.94.101', 'SUBNET_4G_UP'),
(994, 199, '172.19.94.101', 'SUBNET_4G_CP'),
(995, 199, '172.23.24.205', 'SUBNET_2G_SERVICE'),
(996, 200, '172.17.94.110', 'SUBNET_3G_OSS'),
(997, 200, '172.17.94.110', 'SUBNET_3G_SERVICE'),
(998, 200, '172.18.94.110', 'SUBNET_4G_UP'),
(999, 200, '172.19.94.11', 'SUBNET_4G_CP'),
(1000, 200, '172.23.24.214', 'SUBNET_2G_SERVICE'),
(1001, 201, '172.17.94.97', 'SUBNET_3G_OSS'),
(1002, 201, '172.17.94.97', 'SUBNET_3G_SERVICE'),
(1003, 201, '172.18.94.97', 'SUBNET_4G_UP'),
(1004, 201, '172.19.94.97', 'SUBNET_4G_CP'),
(1005, 201, '172.23.24.201', 'SUBNET_2G_SERVICE'),
(1006, 202, '172.17.94.74', 'SUBNET_3G_OSS'),
(1007, 202, '172.17.94.74', 'SUBNET_3G_SERVICE'),
(1008, 202, '172.18.94.74', 'SUBNET_4G_UP'),
(1009, 202, '172.19.94.74', 'SUBNET_4G_CP'),
(1010, 202, '172.23.24.178', 'SUBNET_2G_SERVICE');

-- --------------------------------------------------------

--
-- Table structure for table `ip_check_logs`
--

CREATE TABLE `ip_check_logs` (
  `id` int NOT NULL,
  `ip_address` varchar(45) NOT NULL,
  `status` enum('Autorisé','Rejeté') NOT NULL,
  `site_id` int DEFAULT NULL,
  `country_name` varchar(100) DEFAULT NULL,
  `user_agent` text,
  `timestamp` timestamp NULL DEFAULT CURRENT_TIMESTAMP
) ENGINE=InnoDB DEFAULT CHARSET=utf8mb4 COLLATE=utf8mb4_general_ci;

-- --------------------------------------------------------

--
-- Table structure for table `regions`
--

CREATE TABLE `regions` (
  `id` int NOT NULL,
  `nom_region` varchar(100) NOT NULL
) ENGINE=InnoDB DEFAULT CHARSET=utf8mb4 COLLATE=utf8mb4_general_ci;

--
-- Dumping data for table `regions`
--

INSERT INTO `regions` (`id`, `nom_region`) VALUES
(1, 'Ariana'),
(2, 'Ben Arous'),
(3, 'Bizerte'),
(5, 'Manouba'),
(13, 'Sfxc'),
(6, 'Tunis');

-- --------------------------------------------------------

--
-- Table structure for table `sites`
--

CREATE TABLE `sites` (
  `id` int NOT NULL,
  `region_id` int NOT NULL,
  `site_type_id` int NOT NULL,
  `Site_Name` varchar(100) DEFAULT NULL,
  `Site_Code` varchar(100) NOT NULL
) ENGINE=InnoDB DEFAULT CHARSET=utf8mb4 COLLATE=utf8mb4_general_ci;

--
-- Dumping data for table `sites`
--

INSERT INTO `sites` (`id`, `region_id`, `site_type_id`, `Site_Name`, `Site_Code`) VALUES
(1, 1, 1, '4G_Yamama', 'ARI5060'),
(2, 1, 1, '4G_route_bizerte(echabi)', 'ARI5125'),
(3, 1, 1, '4G_Khalil_Jobrane', 'ARI5228'),
(4, 1, 1, '4G_Ezzhani', 'ARI5229'),
(5, 1, 1, '4G_Enkhilet_III', 'ARI5346'),
(6, 1, 1, '4G_Mostapabel_dcs1800', 'ARI5351'),
(7, 1, 1, '4G_CTT_Errahdha', 'ARI5442'),
(8, 1, 1, '4G_Foyer_Babel', 'ARI5535'),
(9, 2, 1, 'Rades_OR_05', 'BNA5005'),
(10, 2, 1, 'Mourouj_Ibn_Charaf', 'BNA5007'),
(11, 2, 1, 'Borj_Cedria', 'BNA5016'),
(12, 2, 1, '4G_Autoroute_Mornag', 'BNA5030'),
(13, 2, 1, '4G_Megrine_Chaker', 'BNA5052'),
(14, 2, 1, 'Mghira_ZI_II', 'BNA5072'),
(15, 2, 1, 'Mghira_ZI', 'BNA5083'),
(16, 2, 1, 'Tableau_Sud_MB', 'BNA5087'),
(17, 2, 1, 'R_S_Centretelecom1_MB', 'BNA5088'),
(18, 2, 1, '4G_Boumhel', 'BNA5100'),
(19, 2, 1, 'Ennozha', 'BNA5138'),
(20, 2, 1, '4G_Cite_Essafa', 'BNA5151'),
(21, 2, 1, 'Jughorta', 'BNA5153'),
(22, 2, 1, 'Sondage_Khlidia', 'BNA5187'),
(23, 2, 1, 'Cte_Ennour_bb', 'BNA5191'),
(24, 2, 1, 'EL_HDIJI', 'BNA5217'),
(25, 2, 1, 'Stade_Ezzahra', 'BNA5223'),
(26, 2, 1, 'R_Village_Bloc17', 'BNA5248'),
(27, 2, 1, 'Medina_Jadida_II', 'BNA5253'),
(28, 2, 1, 'Cenafif', 'BNA5261'),
(29, 2, 1, 'Rades_Port_II', 'BNA5270'),
(30, 2, 1, 'Megrine_coteaux', 'BNA5281'),
(31, 2, 1, 'Khlidia', 'BNA5290'),
(32, 2, 1, 'Mhamdia_WLL', 'BNA5303'),
(33, 2, 1, 'Mourouj_V', 'BNA5327'),
(34, 2, 1, 'Tunisie_Porcelaine', 'BNA5331'),
(35, 2, 1, 'Naassen_01', 'BNA5341'),
(36, 2, 1, 'Borj_Cedria_ZI', 'BNA5353'),
(37, 2, 1, 'Azur_Indoor', 'BNA5374'),
(38, 2, 1, 'Av_Algerie', 'BNA5405'),
(39, 2, 1, 'Avenue_Liberte', 'BNA5419'),
(40, 2, 1, '4G_Espace_Cherif', 'BNA5424'),
(41, 2, 1, '4G_GN_H_Chott', 'BNA5429'),
(42, 2, 1, 'Lycee_H_Lif', 'BNA5435'),
(43, 2, 1, 'Tahar_Khmiri', 'BNA5436'),
(44, 2, 1, 'Route_Naasen', 'BNA5437'),
(45, 2, 1, 'Cite_Izdihar', 'BNA5439'),
(46, 2, 1, 'Fouchena_II', 'BNA5448'),
(47, 2, 1, 'Cite_Esken', 'BNA5449'),
(48, 2, 1, 'MEGRINE_Ettaamir', 'BNA5451'),
(49, 2, 1, 'CTT_Jbel_ersass', 'BNA5463'),
(50, 2, 1, 'Mhamdia_Sud', 'BNA5466'),
(51, 2, 1, 'Autoroute_Zaghouan', 'BNA5469'),
(52, 2, 1, 'Ben_Arous_Rue_italie', 'BNA5499'),
(53, 2, 1, 'Douar_Houche', 'BNA5548'),
(54, 2, 1, 'Rades_plage_OO', 'BNA5556'),
(55, 2, 1, 'Rue_Kahna', 'BNA5596'),
(56, 2, 1, 'Borj_Ghorbal', 'BNA5618'),
(57, 2, 1, 'Cite_El_Borj', 'BNA5633'),
(58, 2, 1, 'Rades_Port_II', 'BNA5641'),
(59, 2, 1, 'Bourbii', 'BNA5649'),
(60, 2, 1, 'CCL_Ezzahra', 'BNA5651'),
(61, 2, 1, 'Mhamdia_01', 'BNA5693'),
(62, 2, 1, 'H_Lif_corniche_01', 'BNA5781'),
(63, 2, 1, 'Boumhal_Belair', 'BNA5790'),
(64, 2, 1, 'Pont_Rades', 'BNA5882'),
(65, 3, 1, 'Bhira', 'BIZ1219'),
(66, 3, 1, 'Bizerte_LGD', 'BIZ1220'),
(67, 3, 1, 'RAS_EJBEL', 'BIZ1243'),
(68, 3, 1, '13Aout', 'BIZ1246'),
(69, 5, 1, 'Mornaguia', 'MAN5093'),
(70, 5, 1, 'Ibn_Thabet', 'MAN5181'),
(71, 5, 1, 'Khaled_Ibn_Walid', 'MAN5192'),
(72, 5, 1, 'Fares_Elkhouri', 'MAN5254'),
(73, 5, 1, 'CTT_Douar_Hicher', 'MAN5259'),
(74, 5, 1, 'Cite_18_janvier', 'MAN5275'),
(75, 5, 1, 'Bjaoua', 'MAN5289'),
(76, 5, 1, 'Sidi_Thabet', 'MAN5305'),
(77, 5, 1, 'Oued_Ellil_I', 'MAN5315'),
(78, 5, 1, 'Cite_des_Oranges', 'MAN5325'),
(79, 5, 1, 'Auto_Bamri_P1', 'MAN5339'),
(80, 5, 1, 'Auto_BAmri_P3_1', 'MAN5340'),
(81, 5, 1, 'Mornaguia_II_1', 'MAN5352'),
(82, 5, 1, 'Boubaker_Essidik', 'MAN5356'),
(83, 5, 1, 'Elibtikar', 'MAN5357'),
(84, 5, 1, 'Cite_Echabab', 'MAN5359'),
(85, 5, 1, 'Rue_Sousse', 'MAN5368'),
(86, 5, 1, 'Caserne_Essijoumi_1', 'MAN5414'),
(87, 5, 1, 'Chorfech', 'MAN5444'),
(88, 5, 1, 'Av_Martyres', 'MAN5456'),
(89, 5, 1, 'Musee_Militaire', 'MAN5467'),
(90, 5, 1, 'pole_sidi_thabet', 'MAN5470'),
(91, 5, 1, 'Cite_El_Bassatine', 'MAN5481'),
(92, 5, 1, 'Gdir_Golla', 'MAN5482'),
(93, 5, 1, 'Essada_Cite_Ennassim', 'MAN5488'),
(94, 5, 1, 'Oued_Ellil_Nord', 'MAN5503'),
(95, 5, 1, 'Cite_Echabeb_II', 'MAN5509'),
(96, 5, 1, 'Mornaguia_4', 'MAN5519'),
(97, 5, 1, 'Kilani', 'MAN5520'),
(98, 5, 1, 'Cite_Ejbaliya', 'MAN5527'),
(99, 5, 1, 'Oued_Ellil_5', 'MAN5536'),
(100, 5, 1, 'Ettadhamen_09_OR', 'MAN5540'),
(101, 5, 1, 'Rue_Du_Bresil', 'MAN5558'),
(102, 5, 1, 'Ettadhamen_Av_Indep', 'MAN5616'),
(103, 5, 1, 'Bassetine03', 'MAN5629'),
(104, 5, 1, 'HRAIRIA_04', 'MAN5653'),
(105, 5, 1, 'Al_Moutawasset', 'MAN5659'),
(106, 5, 1, 'Mornaguia_03_OR', 'MAN5702'),
(107, 5, 1, 'ETTADHAMEN_III', 'MAN5708'),
(108, 5, 1, 'Mnihla_Sup', 'MAN5733'),
(109, 5, 1, 'Ghdawnia', 'MAN5840'),
(110, 5, 1, 'Manouba_01_OR', 'MAN5877'),
(111, 5, 1, 'Oued_Ellil_08', 'MAN5879'),
(112, 5, 1, 'Sanhaja_OO', 'MAN5881'),
(113, 5, 1, 'Cite_El_Riadh_OO', 'MAN5995'),
(114, 6, 1, 'Abdelkarim', 'TUN5355'),
(115, 6, 1, '4G_MOTEUR1', 'TUN5006'),
(116, 6, 1, 'Belvedere', 'TUN5009'),
(117, 6, 1, '4_SAISONS', 'TUN5020'),
(118, 6, 1, 'Moncef_Bey', 'TUN5025'),
(119, 6, 1, 'DG_TT', 'TUN5028'),
(120, 6, 1, 'Rue_Angleterre', 'TUN5039'),
(121, 6, 1, '4G_Rommana', 'TUN5046'),
(122, 6, 1, 'ERTT', 'TUN5067'),
(123, 6, 1, 'Mourouj2_II', 'TUN5074'),
(124, 6, 1, '4G_Port_Goulette_BB', 'TUN5089'),
(125, 6, 1, '4G_Intilaka', 'TUN5103'),
(126, 6, 1, '4G_Ettahrir', 'TUN5104'),
(127, 6, 1, 'Hafsia', 'TUN5108'),
(128, 6, 1, 'DCSP_P_gsm', 'TUN5127'),
(129, 6, 1, 'Jeanne_Dark', 'TUN5129'),
(130, 6, 1, 'HOTEL_RENAISSANCE', 'TUN5132'),
(131, 6, 1, 'Sidi_Essourdou', 'TUN5179'),
(132, 6, 1, 'Vermeg', 'TUN5182'),
(133, 6, 1, 'Les_Jasmins', 'TUN5184'),
(134, 6, 1, '4G_Avicenne', 'TUN5185'),
(135, 6, 1, 'Theatre_Macro', 'TUN5189'),
(136, 6, 1, '4G_Bab_Saadoun', 'TUN5193'),
(137, 6, 1, 'YASMINA', 'TUN5200'),
(138, 6, 1, 'Ouled_Haffouz', 'TUN5224'),
(139, 6, 1, 'BAB_EL_KHADRA_II', 'TUN5225'),
(140, 6, 1, 'Halfaouine', 'TUN5227'),
(141, 6, 1, 'Bab_Mnara', 'TUN5232'),
(142, 6, 1, '4G_EL_Habib', 'TUN5235'),
(143, 6, 1, 'Sidi_El_Bechir', 'TUN5243'),
(144, 6, 1, '4G_Phenix', 'TUN5245'),
(145, 6, 1, 'Place_7_nov', 'TUN5247'),
(146, 6, 1, '4G_Bellevue', 'TUN5274'),
(147, 6, 1, 'CMIA', 'TUN5278'),
(148, 6, 1, 'Hopital_Errabta', 'TUN5286'),
(149, 6, 1, 'Gammarth_Village', 'TUN5294'),
(150, 6, 1, 'CITE_Olympique', 'TUN5299'),
(151, 6, 1, 'Bab_El_Khadra1', 'TUN5307'),
(152, 6, 1, 'OMRANE_INFERIEUR_01', 'TUN5308'),
(153, 6, 1, 'BIAT', 'TUN5317'),
(154, 6, 1, 'STEG_Goulette_p_gsm', 'TUN5318'),
(155, 6, 1, 'Tunis_Marine_p_gsm', 'TUN5319'),
(156, 6, 1, 'Essijoumi_II_New', 'TUN5330'),
(157, 6, 1, 'LAICO_Indoor', 'TUN5342'),
(158, 6, 1, 'SNCFT_Z4', 'TUN5343'),
(159, 6, 1, 'Place_7_nov', 'TUN5372'),
(160, 6, 1, 'R_Express_Goulette_Dcs', 'TUN5380'),
(161, 6, 1, 'Jbeljloud_Cimenterie', 'TUN5383'),
(162, 6, 1, 'F_Kram_Parking', 'TUN5390'),
(163, 6, 1, 'Ettahrir_nord', 'TUN5393'),
(164, 6, 1, 'Gare_Tunis', 'TUN5395'),
(165, 6, 1, '4G_Salah_mestiri', 'TUN5399'),
(166, 6, 1, 'El_Bayet_Essaid_dcs1800', 'TUN5411'),
(167, 6, 1, '4G_Municipalite_Sidi_Bousaid80', 'TUN5417'),
(168, 6, 1, 'Movenpick_OO', 'TUN5420'),
(169, 6, 1, '4G_Rue_Lac_Turkhan_Master', 'TUN5447'),
(170, 6, 1, 'Hotel_Consul_Master_Dcs', 'TUN5457'),
(171, 6, 1, 'IBNO_SINA_02', 'TUN5498'),
(172, 6, 1, 'Melia_Mouradi', 'TUN5501'),
(173, 6, 1, 'Palace', 'TUN5502'),
(174, 6, 1, 'Borj_Zouara', 'TUN5521'),
(175, 6, 1, 'Hotel_Trinidad', 'TUN55266'),
(176, 6, 1, 'Rue_Mosbeh_Jarbouh1', 'TUN5543'),
(177, 6, 1, 'Port_Sidi_Bousaid', 'TUN5551'),
(178, 6, 1, 'Grand_Bleu', 'TUN5555'),
(179, 6, 1, 'Sidi_Bou_Said_09', 'TUN5563'),
(180, 6, 1, 'Mourouj II Nord II', 'TUN5568'),
(181, 6, 1, 'Intilaka_nord', 'TUN5573'),
(182, 6, 1, 'Ouardia_01', 'TUN5583'),
(183, 6, 1, 'Ex_Nokia_Siemens', 'TUN5584'),
(184, 6, 1, 'Yasmina_Kram', 'TUN5599'),
(185, 6, 1, '4G_Rue_Khartoum_dcs', 'TUN5600'),
(186, 6, 1, 'RAS_TABIA_03', 'TUN5621'),
(187, 6, 1, 'Bardo_R_B_Achour', 'TUN5627'),
(188, 6, 1, 'Kram_ZI', 'TUN5636'),
(189, 6, 1, '4G_Route_Elattar', 'TUN5637'),
(190, 6, 1, 'Baie_Gammarth', 'TUN5656'),
(191, 6, 1, 'Sidi_Hssine_02', 'TUN5663'),
(192, 6, 1, 'Echangeur_nord_Ouest', 'TUN5672'),
(193, 6, 1, 'Sidi_Hsine_08', 'TUN5674'),
(194, 6, 1, 'Khaznadar_04_OR', 'TUN5692'),
(195, 6, 1, 'CAT_Jbel_Jloud', 'TUN5700'),
(196, 6, 1, 'Bousbia', 'TUN5711'),
(197, 6, 1, 'Essijoumi_coficab', 'TUN5739'),
(198, 6, 1, '4G_RSS_Avicenne', 'TUN5780'),
(199, 6, 1, '4G_Gammarth_Village_CTT', 'TUN5786'),
(200, 6, 1, 'KSAR_SAID_04_OR', 'TUN5788'),
(201, 6, 1, 'MENZAH_Pelouse', 'TUN5830'),
(202, 6, 1, 'Bardo_Amilcar_OO', 'TUN5874'),
(210, 1, 1, 'Test', 'ttttttt');

-- --------------------------------------------------------

--
-- Table structure for table `site_types`
--

CREATE TABLE `site_types` (
  `id` int NOT NULL,
  `type_name` varchar(50) NOT NULL
) ENGINE=InnoDB DEFAULT CHARSET=utf8mb4 COLLATE=utf8mb4_general_ci;

--
-- Dumping data for table `site_types`
--

INSERT INTO `site_types` (`id`, `type_name`) VALUES
(1, '2G-3G-4G'),
(2, '5G-Test_DEV');

-- --------------------------------------------------------

--
-- Table structure for table `vlans`
--

CREATE TABLE `vlans` (
  `id` int NOT NULL,
  `site_id` int NOT NULL,
  `vlan_value` varchar(50) NOT NULL,
  `vlan_category` varchar(50) NOT NULL COMMENT 'Ex: VLAN_3G'
) ENGINE=InnoDB DEFAULT CHARSET=utf8mb4 COLLATE=utf8mb4_general_ci;

--
-- Dumping data for table `vlans`
--

INSERT INTO `vlans` (`id`, `site_id`, `vlan_value`, `vlan_category`) VALUES
(1, 1, '1588/1589', 'VLAN_3G'),
(2, 1, '2512/2513', 'VLAN_4G'),
(3, 2, '1588/1589', 'VLAN_3G'),
(4, 2, '2512/2513', 'VLAN_4G'),
(5, 3, '1588/1589', 'VLAN_3G'),
(6, 3, '2512/2513', 'VLAN_4G'),
(7, 4, '1588/1589', 'VLAN_3G'),
(8, 4, '2512/2513', 'VLAN_4G'),
(9, 5, '1588/1589', 'VLAN_3G'),
(10, 5, '2512/2513', 'VLAN_4G'),
(11, 6, '1588/1589', 'VLAN_3G'),
(12, 6, '2512/2513', 'VLAN_4G'),
(13, 7, '1588/1589', 'VLAN_3G'),
(14, 7, '2512/2513', 'VLAN_4G'),
(15, 8, '1588/1589', 'VLAN_3G'),
(16, 8, '2512/2513', 'VLAN_4G'),
(17, 9, '1588/1589', 'VLAN_3G'),
(18, 9, '2512/2513', 'VLAN_4G'),
(19, 10, '1588/1589', 'VLAN_3G'),
(20, 10, '2512/2551', 'VLAN_4G'),
(21, 11, '1588/1589', 'VLAN_3G'),
(22, 11, '2512/2513', 'VLAN_4G'),
(23, 12, '1588/1589', 'VLAN_3G'),
(24, 12, '2512/2513', 'VLAN_4G'),
(25, 13, '1588/1589', 'VLAN_3G'),
(26, 13, '2512/2513', 'VLAN_4G'),
(27, 14, '1588/1589', 'VLAN_3G'),
(28, 14, '2512/2513', 'VLAN_4G'),
(29, 15, '1588/1589', 'VLAN_3G'),
(30, 15, '2512/2513', 'VLAN_4G'),
(31, 16, '1588/1589', 'VLAN_3G'),
(32, 16, '2512/2552', 'VLAN_4G'),
(33, 17, '1588/1589', 'VLAN_3G'),
(34, 17, '2512/2513', 'VLAN_4G'),
(35, 18, '1588/1589', 'VLAN_3G'),
(36, 18, '2512/2513', 'VLAN_4G'),
(37, 19, '1588/1589', 'VLAN_3G'),
(38, 19, '2512/2513', 'VLAN_4G'),
(39, 20, '1588/1589', 'VLAN_3G'),
(40, 20, '2512/2513', 'VLAN_4G'),
(41, 21, '1588/1589', 'VLAN_3G'),
(42, 21, '2512/2513', 'VLAN_4G'),
(43, 22, '1588/1589', 'VLAN_3G'),
(44, 22, '2512/2513', 'VLAN_4G'),
(45, 23, '1588/1589', 'VLAN_3G'),
(46, 23, '2512/2513', 'VLAN_4G'),
(47, 24, '1588/1589', 'VLAN_3G'),
(48, 24, '2512/2513', 'VLAN_4G'),
(49, 25, '1588/1589', 'VLAN_3G'),
(50, 25, '2512/2553', 'VLAN_4G'),
(51, 26, '1588/1589', 'VLAN_3G'),
(52, 26, '2512/2549', 'VLAN_4G'),
(53, 27, '1588/1589', 'VLAN_3G'),
(54, 27, '2512/2513', 'VLAN_4G'),
(55, 28, '1588/1589', 'VLAN_3G'),
(56, 28, '2512/2513', 'VLAN_4G'),
(57, 29, '1588/1589', 'VLAN_3G'),
(58, 29, '2512/2513', 'VLAN_4G'),
(59, 30, '1588/1589', 'VLAN_3G'),
(60, 30, '2512/2513', 'VLAN_4G'),
(61, 31, '1588/1589', 'VLAN_3G'),
(62, 31, '2512/2513', 'VLAN_4G'),
(63, 32, '1588/1589', 'VLAN_3G'),
(64, 32, '2512/2552', 'VLAN_4G'),
(65, 33, '1588/1589', 'VLAN_3G'),
(66, 33, '2512/2513', 'VLAN_4G'),
(67, 34, '1588/1589', 'VLAN_3G'),
(68, 34, '2512/2513', 'VLAN_4G'),
(69, 35, '1588/1589', 'VLAN_3G'),
(70, 35, '2512/2550', 'VLAN_4G'),
(71, 36, '1588/1589', 'VLAN_3G'),
(72, 36, '2512/2513', 'VLAN_4G'),
(73, 37, '1588/1589', 'VLAN_3G'),
(74, 37, '2512/2513', 'VLAN_4G'),
(75, 38, '1588/1589', 'VLAN_3G'),
(76, 38, '2512/2513', 'VLAN_4G'),
(77, 39, '1588/1589', 'VLAN_3G'),
(78, 39, '2512/2513', 'VLAN_4G'),
(79, 40, '1588/1589', 'VLAN_3G'),
(80, 40, '2512/2513', 'VLAN_4G'),
(81, 41, '1588/1589', 'VLAN_3G'),
(82, 41, '2512/2513', 'VLAN_4G'),
(83, 42, '1588/1589', 'VLAN_3G'),
(84, 42, '2512/2513', 'VLAN_4G'),
(85, 43, '1588/1589', 'VLAN_3G'),
(86, 43, '2512/2553', 'VLAN_4G'),
(87, 44, '1588/1589', 'VLAN_3G'),
(88, 44, '2512/2513', 'VLAN_4G'),
(89, 45, '1588/1589', 'VLAN_3G'),
(90, 45, '2512/2513', 'VLAN_4G'),
(91, 46, '1588/1589', 'VLAN_3G'),
(92, 46, '2512/2513', 'VLAN_4G'),
(93, 47, '1588/1589', 'VLAN_3G'),
(94, 47, '2512/2513', 'VLAN_4G'),
(95, 48, '1588/1589', 'VLAN_3G'),
(96, 48, '2512/2513', 'VLAN_4G'),
(97, 49, '1588/1589', 'VLAN_3G'),
(98, 49, '2512/2513', 'VLAN_4G'),
(99, 50, '1588/1589', 'VLAN_3G'),
(100, 50, '2512/2513', 'VLAN_4G'),
(101, 51, '1588/1589', 'VLAN_3G'),
(102, 51, '2512/2513', 'VLAN_4G'),
(103, 52, '1588/1589', 'VLAN_3G'),
(104, 52, '2512/2513', 'VLAN_4G'),
(105, 53, '1588/1589', 'VLAN_3G'),
(106, 53, '2512/2513', 'VLAN_4G'),
(107, 54, '1588/1589', 'VLAN_3G'),
(108, 54, '2512/2513', 'VLAN_4G'),
(109, 55, '1588/1589', 'VLAN_3G'),
(110, 55, '2512/2552', 'VLAN_4G'),
(111, 56, '1588\\1589', 'VLAN_3G'),
(112, 56, '2512/2513', 'VLAN_4G'),
(113, 57, '1588/1589', 'VLAN_3G'),
(114, 57, '2512/2513', 'VLAN_4G'),
(115, 58, '1588/1589', 'VLAN_3G'),
(116, 58, '2512/2513', 'VLAN_4G'),
(117, 59, '1588/1589', 'VLAN_3G'),
(118, 59, '2512/2513', 'VLAN_4G'),
(119, 60, '1588/1589', 'VLAN_3G'),
(120, 60, '2512/2513', 'VLAN_4G'),
(121, 61, '1588/1589', 'VLAN_3G'),
(122, 61, '2512/2553', 'VLAN_4G'),
(123, 62, '1588/1589', 'VLAN_3G'),
(124, 62, '2512/2513', 'VLAN_4G'),
(125, 63, '1588/1589', 'VLAN_3G'),
(126, 63, '2512/2513', 'VLAN_4G'),
(127, 64, '1588/1589', 'VLAN_3G'),
(128, 64, '2512/2513', 'VLAN_4G'),
(129, 65, '1588/1589', 'VLAN_3G'),
(130, 65, '2512/2513', 'VLAN_4G'),
(131, 66, '1588/1589', 'VLAN_3G'),
(132, 66, '2512/2513', 'VLAN_4G'),
(133, 67, '1588/1589', 'VLAN_3G'),
(134, 67, '2512/2513', 'VLAN_4G'),
(135, 68, '1588/1589', 'VLAN_3G'),
(136, 68, '2512/2513', 'VLAN_4G'),
(137, 69, '1588/1589', 'VLAN_3G'),
(138, 69, '2512/2513', 'VLAN_4G'),
(139, 70, '1588/1589', 'VLAN_3G'),
(140, 70, '2512/2513', 'VLAN_4G'),
(141, 71, '1588/1589', 'VLAN_3G'),
(142, 71, '2512/2513', 'VLAN_4G'),
(143, 72, '1588/1589', 'VLAN_3G'),
(144, 72, '2512/2513', 'VLAN_4G'),
(145, 73, '1588/1589', 'VLAN_3G'),
(146, 73, '2512/2513', 'VLAN_4G'),
(147, 74, '1588/1589', 'VLAN_3G'),
(148, 74, '2512/2513', 'VLAN_4G'),
(149, 75, '1588/1589', 'VLAN_3G'),
(150, 75, '2512/2513', 'VLAN_4G'),
(151, 76, '1588/1589', 'VLAN_3G'),
(152, 76, '2512/2513', 'VLAN_4G'),
(153, 77, '1588/1589', 'VLAN_3G'),
(154, 77, '2512/2513', 'VLAN_4G'),
(155, 78, '1588/1589', 'VLAN_3G'),
(156, 78, '2512/2513', 'VLAN_4G'),
(157, 79, '1588/1589', 'VLAN_3G'),
(158, 79, '2512/2513', 'VLAN_4G'),
(159, 80, '1588/1589', 'VLAN_3G'),
(160, 80, '2512/2513', 'VLAN_4G'),
(161, 81, '1588/1589', 'VLAN_3G'),
(162, 81, '2512/2513', 'VLAN_4G'),
(163, 82, '1588/1589', 'VLAN_3G'),
(164, 82, '2512/2513', 'VLAN_4G'),
(165, 83, '1588/1589', 'VLAN_3G'),
(166, 83, '2512/2513', 'VLAN_4G'),
(167, 84, '1588/1589', 'VLAN_3G'),
(168, 84, '2512/2513', 'VLAN_4G'),
(169, 85, '1588/1589', 'VLAN_3G'),
(170, 85, '2512/2513', 'VLAN_4G'),
(171, 86, '1588/1589', 'VLAN_3G'),
(172, 86, '2512/2513', 'VLAN_4G'),
(173, 87, '1588/1589', 'VLAN_3G'),
(174, 87, '2512/2513', 'VLAN_4G'),
(175, 88, '1588/1589', 'VLAN_3G'),
(176, 88, '2512/2513', 'VLAN_4G'),
(177, 89, '1588/1589', 'VLAN_3G'),
(178, 89, '2512/2513', 'VLAN_4G'),
(179, 90, '1588/1589', 'VLAN_3G'),
(180, 90, '2512/2513', 'VLAN_4G'),
(181, 91, '1588/1589', 'VLAN_3G'),
(182, 91, '2512/2513', 'VLAN_4G'),
(183, 92, '1588/1589', 'VLAN_3G'),
(184, 92, '2512/2513', 'VLAN_4G'),
(185, 93, '172.17.94.87', 'VLAN_3G'),
(186, 93, '2512/2513', 'VLAN_4G'),
(187, 94, '1588/1589', 'VLAN_3G'),
(188, 94, '2512/2513', 'VLAN_4G'),
(189, 95, '1588/1589', 'VLAN_3G'),
(190, 95, '2512/2513', 'VLAN_4G'),
(191, 96, '1588/1589', 'VLAN_3G'),
(192, 96, '2512/2513', 'VLAN_4G'),
(193, 97, '1588/1589', 'VLAN_3G'),
(194, 97, '2512/2513', 'VLAN_4G'),
(195, 98, '1588/1589', 'VLAN_3G'),
(196, 98, '2512/2513', 'VLAN_4G'),
(197, 99, '1588/1589', 'VLAN_3G'),
(198, 99, '2512/2513', 'VLAN_4G'),
(199, 100, '1588/1589', 'VLAN_3G'),
(200, 100, '2512/2513', 'VLAN_4G'),
(201, 101, '1588/1589', 'VLAN_3G'),
(202, 101, '2512/2513', 'VLAN_4G'),
(203, 102, '1588/1589', 'VLAN_3G'),
(204, 102, '2512/2513', 'VLAN_4G'),
(205, 103, '1588/1589', 'VLAN_3G'),
(206, 103, '2512/2513', 'VLAN_4G'),
(207, 104, '1588/1589', 'VLAN_3G'),
(208, 104, '2512/2513', 'VLAN_4G'),
(209, 105, '1588/1589', 'VLAN_3G'),
(210, 105, '2512/2513', 'VLAN_4G'),
(211, 106, '1588/1589', 'VLAN_3G'),
(212, 106, '2512/2513', 'VLAN_4G'),
(213, 107, '1588/1589', 'VLAN_3G'),
(214, 107, '2512/2513', 'VLAN_4G'),
(215, 108, '1588/1589', 'VLAN_3G'),
(216, 108, '2512/2513', 'VLAN_4G'),
(217, 109, '1588/1589', 'VLAN_3G'),
(218, 109, '2512/2513', 'VLAN_4G'),
(219, 110, '1588/1589', 'VLAN_3G'),
(220, 110, '2512/2513', 'VLAN_4G'),
(221, 111, '1588/1589', 'VLAN_3G'),
(222, 111, '2512/2513', 'VLAN_4G'),
(223, 112, '1588/1589', 'VLAN_3G'),
(224, 112, '2512/2513', 'VLAN_4G'),
(225, 113, '1588/1589', 'VLAN_3G'),
(226, 113, '2512/2513', 'VLAN_4G'),
(227, 114, '2512/2513', 'VLAN_3G'),
(228, 114, '1588/1589', 'VLAN_4G'),
(229, 115, '2512/2545', 'VLAN_3G'),
(230, 115, '1588/1589', 'VLAN_4G'),
(231, 116, '2512/2513', 'VLAN_3G'),
(232, 116, '1588/1589', 'VLAN_4G'),
(233, 117, '2512/2513', 'VLAN_3G'),
(234, 117, '1588/1589', 'VLAN_4G'),
(235, 118, '2512/2513', 'VLAN_3G'),
(236, 118, '1588/1656', 'VLAN_4G'),
(237, 119, '2512/2513', 'VLAN_3G'),
(238, 119, '1588/1589', 'VLAN_4G'),
(239, 120, '2512/2513', 'VLAN_3G'),
(240, 120, '1588/1589', 'VLAN_4G'),
(241, 121, '2512/2513', 'VLAN_3G'),
(242, 121, '1588/1589', 'VLAN_4G'),
(243, 122, '2512/2513', 'VLAN_3G'),
(244, 122, '1588/1589', 'VLAN_4G'),
(245, 123, '2512/2513', 'VLAN_3G'),
(246, 123, '1588/1589', 'VLAN_4G'),
(247, 124, '2512/2513', 'VLAN_3G'),
(248, 124, '1588/1589', 'VLAN_4G'),
(249, 125, '2512/2513', 'VLAN_3G'),
(250, 125, '1588/1589', 'VLAN_4G'),
(251, 126, '2512/2513', 'VLAN_3G'),
(252, 126, '1588/1589', 'VLAN_4G'),
(253, 127, '2512/2513', 'VLAN_3G'),
(254, 127, '1588/1589', 'VLAN_4G'),
(255, 128, '2512/2513', 'VLAN_3G'),
(256, 128, '1588/1589', 'VLAN_4G'),
(257, 129, '2512/2513', 'VLAN_3G'),
(258, 129, '1588/1589', 'VLAN_4G'),
(259, 130, '2512/2513', 'VLAN_3G'),
(260, 130, '1588/1589', 'VLAN_4G'),
(261, 131, '2512/2513', 'VLAN_3G'),
(262, 131, '1588/1589', 'VLAN_4G'),
(263, 132, '2512/2513', 'VLAN_3G'),
(264, 132, '1588/1589', 'VLAN_4G'),
(265, 133, '2512/2513', 'VLAN_3G'),
(266, 133, '1588/1589', 'VLAN_4G'),
(267, 134, '2512/2513', 'VLAN_3G'),
(268, 134, '1588/1589', 'VLAN_4G'),
(269, 135, '2512/2513', 'VLAN_3G'),
(270, 135, '1588/1589', 'VLAN_4G'),
(271, 136, '2512/2513', 'VLAN_3G'),
(272, 136, '1588/1589', 'VLAN_4G'),
(273, 137, '2512/2513', 'VLAN_3G'),
(274, 137, '1588/1589', 'VLAN_4G'),
(275, 138, '2512/2513', 'VLAN_3G'),
(276, 138, '1588/1589', 'VLAN_4G'),
(277, 139, '2512/2513', 'VLAN_3G'),
(278, 139, '1588/1589', 'VLAN_4G'),
(279, 140, '2512/2513', 'VLAN_3G'),
(280, 140, '1588/1589', 'VLAN_4G'),
(281, 141, '2512/2513', 'VLAN_3G'),
(282, 141, '1588/1589', 'VLAN_4G'),
(283, 142, '2512/2513', 'VLAN_3G'),
(284, 142, '1588/1589', 'VLAN_4G'),
(285, 143, '2512/2513', 'VLAN_3G'),
(286, 143, '1588/1589', 'VLAN_4G'),
(287, 144, '2512/2513', 'VLAN_3G'),
(288, 144, '1588/1589', 'VLAN_4G'),
(289, 145, '2512/2513', 'VLAN_3G'),
(290, 145, '1588/1589', 'VLAN_4G'),
(291, 146, '2512/2513', 'VLAN_3G'),
(292, 146, '1588/1589', 'VLAN_4G'),
(293, 147, '2512/2513', 'VLAN_3G'),
(294, 147, '1588/1589', 'VLAN_4G'),
(295, 148, '2512/2513', 'VLAN_3G'),
(296, 148, '1588/1589', 'VLAN_4G'),
(297, 149, '2512/2513', 'VLAN_3G'),
(298, 149, '1588/1589', 'VLAN_4G'),
(299, 150, '2512/2513', 'VLAN_3G'),
(300, 150, '1588/1589', 'VLAN_4G'),
(301, 151, '2512/2513', 'VLAN_3G'),
(302, 151, '1588/1589', 'VLAN_4G'),
(303, 152, '2512/2513', 'VLAN_3G'),
(304, 152, '1588/1589', 'VLAN_4G'),
(305, 153, '2512/2513', 'VLAN_3G'),
(306, 153, '1588/1589', 'VLAN_4G'),
(307, 154, '2512/2513', 'VLAN_3G'),
(308, 154, '1588/1589', 'VLAN_4G'),
(309, 155, '2512/2513', 'VLAN_3G'),
(310, 155, '1588/1589', 'VLAN_4G'),
(311, 156, '2512/2513', 'VLAN_3G'),
(312, 156, '1588/1589', 'VLAN_4G'),
(313, 157, '2512/2513', 'VLAN_3G'),
(314, 157, '1588/1589', 'VLAN_4G'),
(315, 158, '2512/2513', 'VLAN_3G'),
(316, 158, '1588/1589', 'VLAN_4G'),
(317, 159, '2512/2513', 'VLAN_3G'),
(318, 159, '1588/1589', 'VLAN_4G'),
(319, 160, '2512/2513', 'VLAN_3G'),
(320, 160, '1588/1589', 'VLAN_4G'),
(321, 161, '2512/2513', 'VLAN_3G'),
(322, 161, '1588/1589', 'VLAN_4G'),
(323, 162, '2512/2513', 'VLAN_3G'),
(324, 162, '1588/1589', 'VLAN_4G'),
(325, 163, '2512/2513', 'VLAN_3G'),
(326, 163, '1588/1589', 'VLAN_4G'),
(327, 164, '2512/2513', 'VLAN_3G'),
(328, 164, '1588/1589', 'VLAN_4G'),
(329, 165, '2512/2513', 'VLAN_3G'),
(330, 165, '1588/1589', 'VLAN_4G'),
(331, 166, '2512/2513', 'VLAN_3G'),
(332, 166, '1588/1589', 'VLAN_4G'),
(333, 167, '2512/2513', 'VLAN_3G'),
(334, 167, '1588/1589', 'VLAN_4G'),
(335, 168, '2512/2513', 'VLAN_3G'),
(336, 168, '1588/1589', 'VLAN_4G'),
(337, 169, '2512/2513', 'VLAN_3G'),
(338, 169, '1588/1589', 'VLAN_4G'),
(339, 170, '2512/2513', 'VLAN_3G'),
(340, 170, '1588/1589', 'VLAN_4G'),
(341, 171, '2512/2513', 'VLAN_3G'),
(342, 171, '1588/1589', 'VLAN_4G'),
(343, 172, '2512/2513', 'VLAN_3G'),
(344, 172, '1588/1589', 'VLAN_4G'),
(345, 173, '2512/2513', 'VLAN_3G'),
(346, 173, '1588/1589', 'VLAN_4G'),
(347, 174, '2512/2513', 'VLAN_3G'),
(348, 174, '1588/1589', 'VLAN_4G'),
(349, 175, '2512/2513', 'VLAN_3G'),
(350, 175, '1588/1589', 'VLAN_4G'),
(351, 176, '2512/2513', 'VLAN_3G'),
(352, 176, '1588/1589', 'VLAN_4G'),
(353, 177, '2512/2513', 'VLAN_3G'),
(354, 177, '1588/1589', 'VLAN_4G'),
(355, 178, '2512/2513', 'VLAN_3G'),
(356, 178, '1588/1589', 'VLAN_4G'),
(357, 179, '2512/2513', 'VLAN_3G'),
(358, 179, '1588/1589', 'VLAN_4G'),
(359, 180, '2512/2513', 'VLAN_3G'),
(360, 180, '1588/1589', 'VLAN_4G'),
(361, 181, '2512/2513', 'VLAN_3G'),
(362, 181, '1588/1589', 'VLAN_4G'),
(363, 182, '2512/2513', 'VLAN_3G'),
(364, 182, '1588/1589', 'VLAN_4G'),
(365, 183, '2512/2513', 'VLAN_3G'),
(366, 183, '1588/1589', 'VLAN_4G'),
(367, 184, '2512/2513', 'VLAN_3G'),
(368, 184, '1588/1589', 'VLAN_4G'),
(369, 185, '2512/2513', 'VLAN_3G'),
(370, 185, '1588/1589', 'VLAN_4G'),
(371, 186, '2512/2513', 'VLAN_3G'),
(372, 186, '1588/1589', 'VLAN_4G'),
(373, 187, '2512/2513', 'VLAN_3G'),
(374, 187, '1588/1589', 'VLAN_4G'),
(375, 188, '2512/2513', 'VLAN_3G'),
(376, 188, '1588/1589', 'VLAN_4G'),
(377, 189, '2512/2513', 'VLAN_3G'),
(378, 189, '1588/1589', 'VLAN_4G'),
(379, 190, '2512/2513', 'VLAN_3G'),
(380, 190, '1588/1589', 'VLAN_4G'),
(381, 191, '2512/2513', 'VLAN_3G'),
(382, 191, '1588/1589', 'VLAN_4G'),
(383, 192, '2512/2513', 'VLAN_3G'),
(384, 192, '1588/1589', 'VLAN_4G'),
(385, 193, '2512/2513', 'VLAN_3G'),
(386, 193, '1588/1589', 'VLAN_4G'),
(387, 194, '2512/2513', 'VLAN_3G'),
(388, 194, '1588/1589', 'VLAN_4G'),
(389, 195, '2512/2513', 'VLAN_3G'),
(390, 195, '1588/1589', 'VLAN_4G'),
(391, 196, '2512/2513', 'VLAN_3G'),
(392, 196, '1588/1589', 'VLAN_4G'),
(393, 197, '2512/2513', 'VLAN_3G'),
(394, 197, '1588/1589', 'VLAN_4G'),
(395, 198, '2512/2513', 'VLAN_3G'),
(396, 198, '1588/1589', 'VLAN_4G'),
(397, 199, '2512/2513', 'VLAN_3G'),
(398, 199, '1588/1589', 'VLAN_4G'),
(399, 200, '2512/2513', 'VLAN_3G'),
(400, 200, '1588/1589', 'VLAN_4G'),
(401, 201, '2512/2513', 'VLAN_3G'),
(402, 201, '1588/1589', 'VLAN_4G'),
(403, 202, '2512/2513', 'VLAN_3G'),
(404, 202, '1588/1589', 'VLAN_4G');

--
-- Indexes for dumped tables
--

--
-- Indexes for table `admins`
--
ALTER TABLE `admins`
  ADD PRIMARY KEY (`id`),
  ADD UNIQUE KEY `login_unique` (`login`),
  ADD UNIQUE KEY `email` (`email`);

--
-- Indexes for table `anomalies`
--
ALTER TABLE `anomalies`
  ADD PRIMARY KEY (`id`);

--
-- Indexes for table `ip_addresses`
--
ALTER TABLE `ip_addresses`
  ADD PRIMARY KEY (`id`),
  ADD KEY `fk_site_id_ips` (`site_id`);

--
-- Indexes for table `ip_check_logs`
--
ALTER TABLE `ip_check_logs`
  ADD PRIMARY KEY (`id`);

--
-- Indexes for table `regions`
--
ALTER TABLE `regions`
  ADD PRIMARY KEY (`id`),
  ADD UNIQUE KEY `nom_region_unique` (`nom_region`);

--
-- Indexes for table `sites`
--
ALTER TABLE `sites`
  ADD PRIMARY KEY (`id`),
  ADD UNIQUE KEY `Site_Code_Unique` (`Site_Code`),
  ADD KEY `fk_region_id_sites` (`region_id`),
  ADD KEY `fk_site_type_id_sites` (`site_type_id`);

--
-- Indexes for table `site_types`
--
ALTER TABLE `site_types`
  ADD PRIMARY KEY (`id`),
  ADD UNIQUE KEY `type_name_unique` (`type_name`);

--
-- Indexes for table `vlans`
--
ALTER TABLE `vlans`
  ADD PRIMARY KEY (`id`),
  ADD KEY `fk_site_id_vlans` (`site_id`);

--
-- AUTO_INCREMENT for dumped tables
--

--
-- AUTO_INCREMENT for table `admins`
--
ALTER TABLE `admins`
  MODIFY `id` int NOT NULL AUTO_INCREMENT, AUTO_INCREMENT=12;

--
-- AUTO_INCREMENT for table `anomalies`
--
ALTER TABLE `anomalies`
  MODIFY `id` int NOT NULL AUTO_INCREMENT, AUTO_INCREMENT=25;

--
-- AUTO_INCREMENT for table `ip_addresses`
--
ALTER TABLE `ip_addresses`
  MODIFY `id` int NOT NULL AUTO_INCREMENT, AUTO_INCREMENT=1013;

--
-- AUTO_INCREMENT for table `ip_check_logs`
--
ALTER TABLE `ip_check_logs`
  MODIFY `id` int NOT NULL AUTO_INCREMENT, AUTO_INCREMENT=312;

--
-- AUTO_INCREMENT for table `regions`
--
ALTER TABLE `regions`
  MODIFY `id` int NOT NULL AUTO_INCREMENT, AUTO_INCREMENT=14;

--
-- AUTO_INCREMENT for table `sites`
--
ALTER TABLE `sites`
  MODIFY `id` int NOT NULL AUTO_INCREMENT, AUTO_INCREMENT=211;

--
-- AUTO_INCREMENT for table `site_types`
--
ALTER TABLE `site_types`
  MODIFY `id` int NOT NULL AUTO_INCREMENT, AUTO_INCREMENT=6;

--
-- AUTO_INCREMENT for table `vlans`
--
ALTER TABLE `vlans`
  MODIFY `id` int NOT NULL AUTO_INCREMENT, AUTO_INCREMENT=407;

--
-- Constraints for dumped tables
--

--
-- Constraints for table `ip_addresses`
--
ALTER TABLE `ip_addresses`
  ADD CONSTRAINT `fk_site_id_ips` FOREIGN KEY (`site_id`) REFERENCES `sites` (`id`) ON DELETE CASCADE;

--
-- Constraints for table `sites`
--
ALTER TABLE `sites`
  ADD CONSTRAINT `fk_region_id_sites` FOREIGN KEY (`region_id`) REFERENCES `regions` (`id`) ON DELETE CASCADE,
  ADD CONSTRAINT `fk_site_type_id_sites` FOREIGN KEY (`site_type_id`) REFERENCES `site_types` (`id`) ON DELETE CASCADE;

--
-- Constraints for table `vlans`
--
ALTER TABLE `vlans`
  ADD CONSTRAINT `fk_site_id_vlans` FOREIGN KEY (`site_id`) REFERENCES `sites` (`id`) ON DELETE CASCADE;
COMMIT;

/*!40101 SET CHARACTER_SET_CLIENT=@OLD_CHARACTER_SET_CLIENT */;
/*!40101 SET CHARACTER_SET_RESULTS=@OLD_CHARACTER_SET_RESULTS */;
/*!40101 SET COLLATION_CONNECTION=@OLD_COLLATION_CONNECTION */;
